# WaveFront *.obj file (generated by Autodesk ATF)

mtllib NeoLabs-Rocket-LaunchSystem.mtl

g Body1

v -1.580000 -3.447064 0.300000
v -1.580000 -3.300000 0.300000
v -2.162244 -3.300000 0.300000
v -2.162244 -3.447064 0.300000
v -0.230345 -3.447064 2.000000
v -0.230345 -3.300000 2.000000
v -0.230345 -3.300000 0.300000
v -0.230345 -3.447064 0.300000
v -2.162244 -3.300000 2.000000
v -2.162244 -3.447064 2.000000
v -0.680000 -3.447064 0.300000
v -0.680000 -3.447064 0.320000
v -1.580000 -3.447064 0.320000
v -0.680000 -3.300000 0.300000
v -5.799926 -3.300000 2.000000
v -5.799926 1.629152 2.000000
v -3.182890 1.629152 2.000000
v -3.182890 1.829152 2.000000
v -5.786148 1.829152 2.000000
v -5.786148 2.046018 2.000000
v -5.680447 2.046018 2.000000
v -5.680447 6.961976 2.000000
v -6.000000 6.961976 2.000000
v -6.000000 2.179152 2.000000
v -5.999926 2.179152 2.000000
v -5.999926 -3.500000 2.000000
v 0.500000 -3.500000 2.000000
v 0.500000 6.961976 2.000000
v -0.305992 6.961976 2.000000
v -0.305992 6.761976 2.000000
v 0.300000 6.761976 2.000000
v 0.300000 -3.300000 2.000000
v -1.580000 -3.300000 0.000000
v -5.799926 -3.300000 0.000000
v -1.580000 -3.500000 0.320000
v -1.580000 -3.500000 0.000000
v -0.680000 -3.500000 0.320000
v -0.680000 -3.300000 0.000000
v -0.680000 -3.500000 0.000000
v 0.300000 -3.300000 0.000000
v -5.680447 6.961976 1.924155
v -5.680447 6.704779 1.836887
v -5.680447 6.475249 1.691692
v -5.680447 6.286208 1.496680
v -5.680447 6.148218 1.262746
v -5.680447 6.068989 1.002960
v -5.680447 6.052946 0.731835
v -5.680447 6.100986 0.464519
v -5.680447 6.210425 0.215945
v -5.680447 6.375149 0.000000
v -5.686580 6.423663 0.000000
v -5.693823 6.446177 0.000000
v -5.704634 6.468522 0.000000
v -5.718176 6.488156 0.000000
v -5.735932 6.505178 0.000000
v -5.745901 6.511868 0.000000
v -5.756652 6.516822 0.000000
v -5.768567 6.520139 0.000000
v -5.780447 6.521352 0.000000
v -5.780447 6.352046 0.182312
v -5.780447 6.230435 0.399367
v -5.780447 6.163357 0.638956
v -5.780447 6.154587 0.887603
v -5.780447 6.204616 1.131322
v -5.780447 6.310632 1.356406
v -5.780447 6.466671 1.550195
v -5.780447 6.663957 1.701788
v -5.780447 6.891393 1.802659
v -5.780009 6.891793 1.802783
v -5.750952 6.917186 1.814856
v -5.723375 6.939094 1.834571
v -5.710802 6.948128 1.847459
v -5.699558 6.955367 1.862481
v -5.690278 6.960212 1.879529
v -5.683712 6.961976 1.898234
v -5.683854 6.705018 1.808246
v -5.693844 6.715647 1.786597
v -5.709736 6.724774 1.768006
v -5.730447 6.731777 1.753740
v -5.754565 6.736180 1.744772
v -5.683854 6.472917 1.656106
v -5.693844 6.488529 1.637723
v -5.709736 6.501936 1.621938
v -5.730447 6.512224 1.609825
v -5.754565 6.518690 1.602210
v -5.683854 6.285203 1.451702
v -5.693844 6.304847 1.437708
v -5.709736 6.321715 1.425691
v -5.730447 6.334658 1.416470
v -5.754565 6.342794 1.410674
v -5.683854 6.153338 1.207511
v -5.693844 6.175812 1.198761
v -5.709736 6.195112 1.191247
v -5.730447 6.209921 1.185481
v -5.754565 6.219230 1.181856
v -5.683854 6.085369 0.938443
v -5.693844 6.109304 0.935470
v -5.709736 6.129856 0.932917
v -5.730447 6.145627 0.930958
v -5.754565 6.155541 0.929727
v -5.683854 6.085448 0.660922
v -5.693844 6.109381 0.663909
v -5.709736 6.129932 0.666473
v -5.730447 6.145702 0.668441
v -5.754565 6.155615 0.669678
v -5.683854 6.153570 0.391892
v -5.693844 6.176040 0.400655
v -5.709736 6.195335 0.408181
v -5.730447 6.210141 0.413955
v -5.754565 6.219448 0.417585
v -5.683854 6.285575 0.147777
v -5.693844 6.305210 0.161782
v -5.709736 6.322071 0.173808
v -5.730447 6.335009 0.183037
v -5.754565 6.343143 0.188838
v -6.000000 6.891393 1.802659
v -6.000000 6.914503 1.813141
v -6.000000 6.934230 1.829102
v -6.000000 6.949305 1.849514
v -6.000000 6.958757 1.873064
v -6.000000 6.961976 1.898234
v -6.000000 6.648955 1.692699
v -6.000000 6.441999 1.525257
v -6.000000 6.283853 1.311113
v -6.000000 6.184699 1.064058
v -6.000000 6.150923 0.800000
v -6.000000 6.184699 0.535942
v -6.000000 6.283853 0.288887
v -6.000000 6.441999 0.074743
v -6.000000 6.648955 -0.092699
v -6.000000 6.891393 -0.202659
v -6.000000 6.914503 -0.213141
v -6.000000 6.934230 -0.229102
v -6.000000 6.949305 -0.249514
v -6.000000 6.958757 -0.273064
v -6.000000 6.961976 -0.298234
v -6.000000 6.961976 -0.400000
v -6.000000 -3.500000 -0.400000
v -6.000000 -3.500000 0.000000
v -6.000000 2.179152 0.000000
v -2.910025 6.521352 0.000000
v -2.910025 6.352046 0.182312
v -2.910025 6.230435 0.399367
v -2.910025 6.163357 0.638956
v -2.910025 6.154587 0.887603
v -2.910025 6.204616 1.131322
v -2.910025 6.310632 1.356406
v -2.910025 6.466671 1.550195
v -2.910025 6.663957 1.701788
v -2.910025 6.891393 1.802659
v -2.195575 6.891393 1.802659
v -2.198903 6.876585 1.797976
v -2.200000 6.861976 1.793128
v -2.200000 6.628059 1.679458
v -2.200000 6.429291 1.511738
v -2.200000 6.277890 1.300276
v -2.200000 6.183160 1.058068
v -2.200000 6.150923 0.800000
v -2.200000 6.183160 0.541932
v -2.200000 6.277890 0.299724
v -2.200000 6.429291 0.088262
v -2.200000 6.628059 -0.079458
v -2.200000 6.861976 -0.193128
v -2.198903 6.876585 -0.197976
v -2.195575 6.891393 -0.202659
v -3.006760 6.961976 1.898234
v -2.100000 6.961976 1.898234
v -2.131272 6.956961 1.866963
v -2.159407 6.942418 1.838828
v -2.171396 6.931996 1.826839
v -2.181583 6.919806 1.816652
v -2.189711 6.906157 1.808523
v -2.910463 6.891793 1.802783
v -2.939520 6.917186 1.814856
v -2.967097 6.939094 1.834571
v -2.979670 6.948128 1.847459
v -2.990914 6.955367 1.862481
v -3.000194 6.960212 1.879529
v -2.553380 6.949305 1.849514
v -2.553380 6.958757 1.873064
v -2.553380 6.934230 1.829102
v -2.553380 6.914503 1.813141
v -2.100000 6.961976 -0.298234
v -2.189711 6.906157 -0.208523
v -2.181583 6.919806 -0.216652
v -2.171396 6.931996 -0.226839
v -2.159407 6.942418 -0.238828
v -2.131272 6.956961 -0.266963
v -5.512500 6.958757 -0.273064
v -5.025000 6.958757 -0.273064
v -4.537500 6.958757 -0.273064
v -4.050000 6.958757 -0.273064
v -3.562500 6.958757 -0.273064
v -3.075000 6.958757 -0.273064
v -2.587500 6.958757 -0.273064
v -5.512500 6.949305 -0.249514
v -5.025000 6.949305 -0.249514
v -4.537500 6.949305 -0.249514
v -4.050000 6.949305 -0.249514
v -3.562500 6.949305 -0.249514
v -3.075000 6.949305 -0.249514
v -2.587500 6.949305 -0.249514
v -5.512500 6.934230 -0.229102
v -5.025000 6.934230 -0.229102
v -4.537500 6.934230 -0.229102
v -4.050000 6.934230 -0.229102
v -3.562500 6.934230 -0.229102
v -3.075000 6.934230 -0.229102
v -2.587500 6.934230 -0.229102
v -5.512500 6.914503 -0.213141
v -5.025000 6.914503 -0.213141
v -4.537500 6.914503 -0.213141
v -4.050000 6.914503 -0.213141
v -3.562500 6.914503 -0.213141
v -3.075000 6.914503 -0.213141
v -2.587500 6.914503 -0.213141
v -2.125882 6.958569 0.250883
v -2.125882 6.958569 0.800000
v -2.125882 6.958569 1.349117
v -2.150000 6.948579 0.250883
v -2.150000 6.948579 0.800000
v -2.150000 6.948579 1.349117
v -2.170711 6.932687 0.250883
v -2.170711 6.932687 0.800000
v -2.170711 6.932687 1.349117
v -2.186603 6.911976 0.250883
v -2.186603 6.911976 0.800000
v -2.186603 6.911976 1.349117
v -2.196593 6.887858 0.250883
v -2.196593 6.887858 0.800000
v -2.196593 6.887858 1.349117
v -2.921905 6.520139 0.000000
v -2.933820 6.516822 0.000000
v -2.944571 6.511868 0.000000
v -2.954540 6.505178 0.000000
v -2.972296 6.488156 0.000000
v -2.985838 6.468522 0.000000
v -2.996649 6.446177 0.000000
v -3.003892 6.423663 0.000000
v -3.010025 6.375149 0.000000
v -3.010025 6.210425 0.215945
v -3.010025 6.100986 0.464519
v -3.010025 6.052946 0.731835
v -3.010025 6.068989 1.002960
v -3.010025 6.148218 1.262746
v -3.010025 6.286208 1.496680
v -3.010025 6.475249 1.691692
v -3.010025 6.704779 1.836887
v -3.010025 6.961976 1.924155
v -2.935907 6.736180 1.744772
v -2.960025 6.731777 1.753740
v -2.980736 6.724774 1.768006
v -2.996628 6.715647 1.786597
v -3.006618 6.705018 1.808246
v -2.935907 6.518690 1.602210
v -2.960025 6.512224 1.609825
v -2.980736 6.501936 1.621938
v -2.996628 6.488529 1.637723
v -3.006618 6.472917 1.656106
v -2.935907 6.342794 1.410674
v -2.960025 6.334658 1.416470
v -2.980736 6.321715 1.425691
v -2.996628 6.304847 1.437708
v -3.006618 6.285203 1.451702
v -2.935907 6.219230 1.181856
v -2.960025 6.209921 1.185481
v -2.980736 6.195112 1.191247
v -2.996628 6.175812 1.198761
v -3.006618 6.153338 1.207511
v -2.935907 6.155541 0.929727
v -2.960025 6.145627 0.930958
v -2.980736 6.129856 0.932917
v -2.996628 6.109304 0.935470
v -3.006618 6.085369 0.938443
v -2.935907 6.155615 0.669678
v -2.960025 6.145702 0.668441
v -2.980736 6.129932 0.666473
v -2.996628 6.109381 0.663909
v -3.006618 6.085448 0.660922
v -2.935907 6.219448 0.417585
v -2.960025 6.210141 0.413955
v -2.980736 6.195335 0.408181
v -2.996628 6.176040 0.400655
v -3.006618 6.153570 0.391892
v -2.935907 6.343143 0.188838
v -2.960025 6.335009 0.183037
v -2.980736 6.322071 0.173808
v -2.996628 6.305210 0.161782
v -3.006618 6.285575 0.147777
v -3.010025 6.961976 2.000000
v -0.988578 6.961976 2.000000
v -0.988578 6.961976 1.850000
v -0.985170 6.961976 1.824118
v -0.975180 6.961976 1.800000
v -0.959288 6.961976 1.779289
v -0.938578 6.961976 1.763397
v -0.914460 6.961976 1.753407
v -0.888578 6.961976 1.750000
v -0.838578 6.961976 1.750000
v -0.812696 6.961976 1.753407
v -0.788578 6.961976 1.763397
v -0.767867 6.961976 1.779289
v -0.751975 6.961976 1.800000
v -0.741985 6.961976 1.824118
v -0.738578 6.961976 1.850000
v -0.738578 6.961976 2.000000
v -0.555992 6.961976 2.000000
v -0.555992 6.961976 1.850000
v -0.552585 6.961976 1.824118
v -0.542595 6.961976 1.800000
v -0.526703 6.961976 1.779289
v -0.505992 6.961976 1.763397
v -0.481874 6.961976 1.753407
v -0.455992 6.961976 1.750000
v -0.405992 6.961976 1.750000
v -0.380110 6.961976 1.753407
v -0.355992 6.961976 1.763397
v -0.335282 6.961976 1.779289
v -0.319390 6.961976 1.800000
v -0.309400 6.961976 1.824118
v -0.305992 6.961976 1.850000
v 0.500000 6.961976 -0.400000
v -3.010025 2.046018 0.000000
v -3.010025 2.046018 2.000000
v -5.680447 2.046018 0.000000
v -3.039246 2.046018 0.000000
v -3.039246 1.829152 0.000000
v -3.182890 1.829152 0.000000
v -3.182890 1.629152 0.000000
v -5.799926 1.629152 0.000000
v 0.300000 6.761976 0.000000
v -1.799634 6.761976 0.000000
v -1.799634 5.852126 0.000000
v -2.810025 5.852126 0.000000
v -2.810025 2.046018 0.000000
v -3.585000 -3.050000 0.000000
v -3.580400 -3.015059 0.000000
v -3.566913 -2.982500 0.000000
v -3.545459 -2.954541 0.000000
v -3.517500 -2.933087 0.000000
v -3.484941 -2.919600 0.000000
v -3.450000 -2.915000 0.000000
v -3.415059 -2.919600 0.000000
v -3.382500 -2.933087 0.000000
v -3.354541 -2.954541 0.000000
v -3.333087 -2.982500 0.000000
v -3.319600 -3.015059 0.000000
v -3.315000 -3.050000 0.000000
v -3.319600 -3.084941 0.000000
v -3.333087 -3.117500 0.000000
v -3.354541 -3.145459 0.000000
v -3.382500 -3.166913 0.000000
v -3.415059 -3.180400 0.000000
v -3.450000 -3.185000 0.000000
v -3.484941 -3.180400 0.000000
v -3.517500 -3.166913 0.000000
v -3.545459 -3.145459 0.000000
v -3.566913 -3.117500 0.000000
v -3.580400 -3.084941 0.000000
v -0.185000 -3.050000 0.000000
v -0.180400 -3.015059 0.000000
v -0.166913 -2.982500 0.000000
v -0.145459 -2.954541 0.000000
v -0.117500 -2.933087 0.000000
v -0.084941 -2.919600 0.000000
v -0.050000 -2.915000 0.000000
v -0.015059 -2.919600 0.000000
v 0.017500 -2.933087 0.000000
v 0.045459 -2.954541 0.000000
v 0.066913 -2.982500 0.000000
v 0.080400 -3.015059 0.000000
v 0.085000 -3.050000 0.000000
v 0.080400 -3.084941 0.000000
v 0.066913 -3.117500 0.000000
v 0.045459 -3.145459 0.000000
v 0.017500 -3.166913 0.000000
v -0.015059 -3.180400 0.000000
v -0.050000 -3.185000 0.000000
v -0.084941 -3.180400 0.000000
v -0.117500 -3.166913 0.000000
v -0.145459 -3.145459 0.000000
v -0.166913 -3.117500 0.000000
v -0.180400 -3.084941 0.000000
v -5.585000 -3.050000 0.000000
v -5.580400 -3.015059 0.000000
v -5.566913 -2.982500 0.000000
v -5.545459 -2.954541 0.000000
v -5.517500 -2.933087 0.000000
v -5.484941 -2.919600 0.000000
v -5.450000 -2.915000 0.000000
v -5.415059 -2.919600 0.000000
v -5.382500 -2.933087 0.000000
v -5.354541 -2.954541 0.000000
v -5.333087 -2.982500 0.000000
v -5.319600 -3.015059 0.000000
v -5.315000 -3.050000 0.000000
v -5.319600 -3.084941 0.000000
v -5.333087 -3.117500 0.000000
v -5.354541 -3.145459 0.000000
v -5.382500 -3.166913 0.000000
v -5.415059 -3.180400 0.000000
v -5.450000 -3.185000 0.000000
v -5.484941 -3.180400 0.000000
v -5.517500 -3.166913 0.000000
v -5.545459 -3.145459 0.000000
v -5.566913 -3.117500 0.000000
v -5.580400 -3.084941 0.000000
v -5.585000 1.400000 0.000000
v -5.580400 1.434941 0.000000
v -5.566914 1.467500 0.000000
v -5.545459 1.495459 0.000000
v -5.517500 1.516913 0.000000
v -5.484941 1.530400 0.000000
v -5.450000 1.535000 0.000000
v -5.415060 1.530400 0.000000
v -5.382500 1.516913 0.000000
v -5.354541 1.495459 0.000000
v -5.333087 1.467500 0.000000
v -5.319600 1.434941 0.000000
v -5.315000 1.400000 0.000000
v -5.319600 1.365059 0.000000
v -5.333087 1.332500 0.000000
v -5.354541 1.304541 0.000000
v -5.382500 1.283087 0.000000
v -5.415060 1.269600 0.000000
v -5.450000 1.265000 0.000000
v -5.484941 1.269600 0.000000
v -5.517500 1.283087 0.000000
v -5.545459 1.304541 0.000000
v -5.566914 1.332500 0.000000
v -5.580400 1.365059 0.000000
v -2.485000 -3.050000 0.000000
v -2.480400 -3.015059 0.000000
v -2.466913 -2.982500 0.000000
v -2.445459 -2.954541 0.000000
v -2.417500 -2.933087 0.000000
v -2.384941 -2.919600 0.000000
v -2.350000 -2.915000 0.000000
v -2.315059 -2.919600 0.000000
v -2.282500 -2.933087 0.000000
v -2.254541 -2.954541 0.000000
v -2.233087 -2.982500 0.000000
v -2.219600 -3.015059 0.000000
v -2.215000 -3.050000 0.000000
v -2.219600 -3.084941 0.000000
v -2.233087 -3.117500 0.000000
v -2.254541 -3.145459 0.000000
v -2.282500 -3.166913 0.000000
v -2.315059 -3.180400 0.000000
v -2.350000 -3.185000 0.000000
v -2.384941 -3.180400 0.000000
v -2.417500 -3.166913 0.000000
v -2.445459 -3.145459 0.000000
v -2.466913 -3.117500 0.000000
v -2.480400 -3.084941 0.000000
v -0.185000 1.600000 0.000000
v -0.180400 1.634941 0.000000
v -0.166913 1.667500 0.000000
v -0.145459 1.695459 0.000000
v -0.117500 1.716913 0.000000
v -0.084941 1.730400 0.000000
v -0.050000 1.735000 0.000000
v -0.015059 1.730400 0.000000
v 0.017500 1.716913 0.000000
v 0.045459 1.695459 0.000000
v 0.066913 1.667500 0.000000
v 0.080400 1.634941 0.000000
v 0.085000 1.600000 0.000000
v 0.080400 1.565059 0.000000
v 0.066913 1.532500 0.000000
v 0.045459 1.504541 0.000000
v 0.017500 1.483087 0.000000
v -0.015059 1.469600 0.000000
v -0.050000 1.465000 0.000000
v -0.084941 1.469600 0.000000
v -0.117500 1.483087 0.000000
v -0.145459 1.504541 0.000000
v -0.166913 1.532500 0.000000
v -0.180400 1.565059 0.000000
v -2.485000 1.600000 0.000000
v -2.480400 1.634941 0.000000
v -2.466913 1.667500 0.000000
v -2.445459 1.695459 0.000000
v -2.417500 1.716913 0.000000
v -2.384941 1.730400 0.000000
v -2.350000 1.735000 0.000000
v -2.315059 1.730400 0.000000
v -2.282500 1.716913 0.000000
v -2.254541 1.695459 0.000000
v -2.233087 1.667500 0.000000
v -2.219600 1.634941 0.000000
v -2.215000 1.600000 0.000000
v -2.219600 1.565059 0.000000
v -2.233087 1.532500 0.000000
v -2.254541 1.504541 0.000000
v -2.282500 1.483087 0.000000
v -2.315059 1.469600 0.000000
v -2.350000 1.465000 0.000000
v -2.384941 1.469600 0.000000
v -2.417500 1.483087 0.000000
v -2.445459 1.504541 0.000000
v -2.466913 1.532500 0.000000
v -2.480400 1.565059 0.000000
v -3.585000 1.400000 0.000000
v -3.580400 1.434941 0.000000
v -3.566913 1.467500 0.000000
v -3.545459 1.495459 0.000000
v -3.517500 1.516913 0.000000
v -3.484941 1.530400 0.000000
v -3.450000 1.535000 0.000000
v -3.415059 1.530400 0.000000
v -3.382500 1.516913 0.000000
v -3.354541 1.495459 0.000000
v -3.333087 1.467500 0.000000
v -3.319600 1.434941 0.000000
v -3.315000 1.400000 0.000000
v -3.319600 1.365059 0.000000
v -3.333087 1.332500 0.000000
v -3.354541 1.304541 0.000000
v -3.382500 1.283087 0.000000
v -3.415059 1.269600 0.000000
v -3.450000 1.265000 0.000000
v -3.484941 1.269600 0.000000
v -3.517500 1.283087 0.000000
v -3.545459 1.304541 0.000000
v -3.566913 1.332500 0.000000
v -3.580400 1.365059 0.000000
v -5.680447 2.046018 0.200000
v -0.838578 6.761976 1.750000
v -0.812696 6.761976 1.753407
v -0.788578 6.761976 1.763397
v -0.767867 6.761976 1.779289
v -0.751975 6.761976 1.800000
v -0.741985 6.761976 1.824118
v -0.738578 6.761976 1.850000
v -0.888578 6.761976 1.750000
v -0.988578 6.761976 1.850000
v -0.985170 6.761976 1.824118
v -0.975180 6.761976 1.800000
v -0.959288 6.761976 1.779289
v -0.938578 6.761976 1.763397
v -0.914460 6.761976 1.753407
v -0.555992 6.761976 1.850000
v -0.552585 6.761976 1.824118
v -0.542595 6.761976 1.800000
v -0.526703 6.761976 1.779289
v -0.505992 6.761976 1.763397
v -0.481874 6.761976 1.753407
v -0.455992 6.761976 1.750000
v -0.405992 6.761976 1.750000
v -0.380110 6.761976 1.753407
v -0.355992 6.761976 1.763397
v -0.335282 6.761976 1.779289
v -0.319390 6.761976 1.800000
v -0.309400 6.761976 1.824118
v -0.305992 6.761976 1.850000
v -0.555992 6.761976 2.000000
v -0.738578 6.761976 2.000000
v -0.988578 6.761976 2.000000
v -2.810025 2.046018 2.000000
v -2.810025 5.852126 2.000000
v -1.799634 5.852126 2.000000
v -1.799634 6.761976 2.000000
v -2.215000 -3.050000 2.000000
v -2.219600 -3.015059 2.000000
v -2.233087 -2.982500 2.000000
v -2.254541 -2.954541 2.000000
v -2.282500 -2.933087 2.000000
v -2.315059 -2.919600 2.000000
v -2.350000 -2.915000 2.000000
v -2.384941 -2.919600 2.000000
v -2.417500 -2.933087 2.000000
v -2.445459 -2.954541 2.000000
v -2.466913 -2.982500 2.000000
v -2.480400 -3.015059 2.000000
v -2.485000 -3.050000 2.000000
v -2.480400 -3.084941 2.000000
v -2.466913 -3.117500 2.000000
v -2.445459 -3.145459 2.000000
v -2.417500 -3.166913 2.000000
v -2.384941 -3.180400 2.000000
v -2.350000 -3.185000 2.000000
v -2.315059 -3.180400 2.000000
v -2.282500 -3.166913 2.000000
v -2.254541 -3.145459 2.000000
v -2.233087 -3.117500 2.000000
v -2.219600 -3.084941 2.000000
v -3.315000 -3.050000 2.000000
v -3.319600 -3.015059 2.000000
v -3.333087 -2.982500 2.000000
v -3.354541 -2.954541 2.000000
v -3.382500 -2.933087 2.000000
v -3.415059 -2.919600 2.000000
v -3.450000 -2.915000 2.000000
v -3.484941 -2.919600 2.000000
v -3.517500 -2.933087 2.000000
v -3.545459 -2.954541 2.000000
v -3.566913 -2.982500 2.000000
v -3.580400 -3.015059 2.000000
v -3.585000 -3.050000 2.000000
v -3.580400 -3.084941 2.000000
v -3.566913 -3.117500 2.000000
v -3.545459 -3.145459 2.000000
v -3.517500 -3.166913 2.000000
v -3.484941 -3.180400 2.000000
v -3.450000 -3.185000 2.000000
v -3.415059 -3.180400 2.000000
v -3.382500 -3.166913 2.000000
v -3.354541 -3.145459 2.000000
v -3.333087 -3.117500 2.000000
v -3.319600 -3.084941 2.000000
v -5.999926 2.179152 0.000000
v -5.999926 -3.500000 0.000000
v -5.786148 2.046018 0.200000
v -5.786148 1.829152 0.200000
v 0.085000 1.600000 2.000000
v 0.080400 1.634941 2.000000
v 0.066913 1.667500 2.000000
v 0.045459 1.695459 2.000000
v 0.017500 1.716913 2.000000
v -0.015059 1.730400 2.000000
v -0.050000 1.735000 2.000000
v -0.084941 1.730400 2.000000
v -0.117500 1.716913 2.000000
v -0.145459 1.695459 2.000000
v -0.166913 1.667500 2.000000
v -0.180400 1.634941 2.000000
v -0.185000 1.600000 2.000000
v -0.180400 1.565059 2.000000
v -0.166913 1.532500 2.000000
v -0.145459 1.504541 2.000000
v -0.117500 1.483087 2.000000
v -0.084941 1.469600 2.000000
v -0.050000 1.465000 2.000000
v -0.015059 1.469600 2.000000
v 0.017500 1.483087 2.000000
v 0.045459 1.504541 2.000000
v 0.066913 1.532500 2.000000
v 0.080400 1.565059 2.000000
v -5.315000 -3.050000 2.000000
v -5.319600 -3.015059 2.000000
v -5.333087 -2.982500 2.000000
v -5.354541 -2.954541 2.000000
v -5.382500 -2.933087 2.000000
v -5.415059 -2.919600 2.000000
v -5.450000 -2.915000 2.000000
v -5.484941 -2.919600 2.000000
v -5.517500 -2.933087 2.000000
v -5.545459 -2.954541 2.000000
v -5.566913 -2.982500 2.000000
v -5.580400 -3.015059 2.000000
v -5.585000 -3.050000 2.000000
v -5.580400 -3.084941 2.000000
v -5.566913 -3.117500 2.000000
v -5.545459 -3.145459 2.000000
v -5.517500 -3.166913 2.000000
v -5.484941 -3.180400 2.000000
v -5.450000 -3.185000 2.000000
v -5.415059 -3.180400 2.000000
v -5.382500 -3.166913 2.000000
v -5.354541 -3.145459 2.000000
v -5.333087 -3.117500 2.000000
v -5.319600 -3.084941 2.000000
v -2.215000 1.600000 2.000000
v -2.219600 1.634941 2.000000
v -2.233087 1.667500 2.000000
v -2.254541 1.695459 2.000000
v -2.282500 1.716913 2.000000
v -2.315059 1.730400 2.000000
v -2.350000 1.735000 2.000000
v -2.384941 1.730400 2.000000
v -2.417500 1.716913 2.000000
v -2.445459 1.695459 2.000000
v -2.466913 1.667500 2.000000
v -2.480400 1.634941 2.000000
v -2.485000 1.600000 2.000000
v -2.480400 1.565059 2.000000
v -2.466913 1.532500 2.000000
v -2.445459 1.504541 2.000000
v -2.417500 1.483087 2.000000
v -2.384941 1.469600 2.000000
v -2.350000 1.465000 2.000000
v -2.315059 1.469600 2.000000
v -2.282500 1.483087 2.000000
v -2.254541 1.504541 2.000000
v -2.233087 1.532500 2.000000
v -2.219600 1.565059 2.000000
v 0.085000 -3.050000 2.000000
v 0.080400 -3.015059 2.000000
v 0.066913 -2.982500 2.000000
v 0.045459 -2.954541 2.000000
v 0.017500 -2.933087 2.000000
v -0.015059 -2.919600 2.000000
v -0.050000 -2.915000 2.000000
v -0.084941 -2.919600 2.000000
v -0.117500 -2.933087 2.000000
v -0.145459 -2.954541 2.000000
v -0.166913 -2.982500 2.000000
v -0.180400 -3.015059 2.000000
v -0.185000 -3.050000 2.000000
v -0.180400 -3.084941 2.000000
v -0.166913 -3.117500 2.000000
v -0.145459 -3.145459 2.000000
v -0.117500 -3.166913 2.000000
v -0.084941 -3.180400 2.000000
v -0.050000 -3.185000 2.000000
v -0.015059 -3.180400 2.000000
v 0.017500 -3.166913 2.000000
v 0.045459 -3.145459 2.000000
v 0.066913 -3.117500 2.000000
v 0.080400 -3.084941 2.000000
v -5.315000 1.400000 2.000000
v -5.319600 1.434941 2.000000
v -5.333087 1.467500 2.000000
v -5.354541 1.495459 2.000000
v -5.382500 1.516913 2.000000
v -5.415060 1.530400 2.000000
v -5.450000 1.535000 2.000000
v -5.484941 1.530400 2.000000
v -5.517500 1.516913 2.000000
v -5.545459 1.495459 2.000000
v -5.566914 1.467500 2.000000
v -5.580400 1.434941 2.000000
v -5.585000 1.400000 2.000000
v -5.580400 1.365059 2.000000
v -5.566914 1.332500 2.000000
v -5.545459 1.304541 2.000000
v -5.517500 1.283087 2.000000
v -5.484941 1.269600 2.000000
v -5.450000 1.265000 2.000000
v -5.415060 1.269600 2.000000
v -5.382500 1.283087 2.000000
v -5.354541 1.304541 2.000000
v -5.333087 1.332500 2.000000
v -5.319600 1.365059 2.000000
v -3.315000 1.400000 2.000000
v -3.319600 1.434941 2.000000
v -3.333087 1.467500 2.000000
v -3.354541 1.495459 2.000000
v -3.382500 1.516913 2.000000
v -3.415059 1.530400 2.000000
v -3.450000 1.535000 2.000000
v -3.484941 1.530400 2.000000
v -3.517500 1.516913 2.000000
v -3.545459 1.495459 2.000000
v -3.566913 1.467500 2.000000
v -3.580400 1.434941 2.000000
v -3.585000 1.400000 2.000000
v -3.580400 1.365059 2.000000
v -3.566913 1.332500 2.000000
v -3.545459 1.304541 2.000000
v -3.517500 1.283087 2.000000
v -3.484941 1.269600 2.000000
v -3.450000 1.265000 2.000000
v -3.415059 1.269600 2.000000
v -3.382500 1.283087 2.000000
v -3.354541 1.304541 2.000000
v -3.333087 1.332500 2.000000
v -3.319600 1.365059 2.000000
v -3.182890 1.829152 0.200000
v -3.039246 1.829152 0.200000
v -3.039246 2.046018 0.200000
v -5.585000 -3.050000 1.333333
v -5.585000 -3.050000 0.666667
v -5.319600 -3.084941 1.333333
v -5.319600 -3.084941 0.666667
v -5.315000 -3.050000 0.666667
v -5.315000 -3.050000 1.333333
v -5.333087 -3.117500 1.333333
v -5.333087 -3.117500 0.666667
v -5.354541 -3.145459 1.333333
v -5.354541 -3.145459 0.666667
v -5.382500 -3.166913 1.333333
v -5.382500 -3.166913 0.666667
v -5.415059 -3.180400 1.333333
v -5.415059 -3.180400 0.666667
v -5.450000 -3.185000 1.333333
v -5.450000 -3.185000 0.666667
v -5.484941 -3.180400 1.333333
v -5.484941 -3.180400 0.666667
v -5.517500 -3.166913 1.333333
v -5.517500 -3.166913 0.666667
v -5.545459 -3.145459 1.333333
v -5.545459 -3.145459 0.666667
v -5.566913 -3.117500 1.333333
v -5.566913 -3.117500 0.666667
v -5.580400 -3.084941 1.333333
v -5.580400 -3.084941 0.666667
v -5.580400 -3.015059 1.333333
v -5.580400 -3.015059 0.666667
v -5.566913 -2.982500 1.333333
v -5.566913 -2.982500 0.666667
v -5.545459 -2.954541 1.333333
v -5.545459 -2.954541 0.666667
v -5.517500 -2.933087 1.333333
v -5.517500 -2.933087 0.666667
v -5.484941 -2.919600 1.333333
v -5.484941 -2.919600 0.666667
v -5.450000 -2.915000 1.333333
v -5.450000 -2.915000 0.666667
v -5.415059 -2.919600 1.333333
v -5.415059 -2.919600 0.666667
v -5.382500 -2.933087 1.333333
v -5.382500 -2.933087 0.666667
v -5.354541 -2.954541 1.333333
v -5.354541 -2.954541 0.666667
v -5.333087 -2.982500 1.333333
v -5.333087 -2.982500 0.666667
v -5.319600 -3.015059 1.333333
v -5.319600 -3.015059 0.666667
v -0.185000 1.600000 1.333333
v -0.185000 1.600000 0.666667
v 0.080400 1.565059 1.333333
v 0.080400 1.565059 0.666667
v 0.085000 1.600000 0.666667
v 0.085000 1.600000 1.333333
v 0.066913 1.532500 1.333333
v 0.066913 1.532500 0.666667
v 0.045459 1.504541 1.333333
v 0.045459 1.504541 0.666667
v 0.017500 1.483087 1.333333
v 0.017500 1.483087 0.666667
v -0.015059 1.469600 1.333333
v -0.015059 1.469600 0.666667
v -0.050000 1.465000 1.333333
v -0.050000 1.465000 0.666667
v -0.084941 1.469600 1.333333
v -0.084941 1.469600 0.666667
v -0.117500 1.483087 1.333333
v -0.117500 1.483087 0.666667
v -0.145459 1.504541 1.333333
v -0.145459 1.504541 0.666667
v -0.166913 1.532500 1.333333
v -0.166913 1.532500 0.666667
v -0.180400 1.565059 1.333333
v -0.180400 1.565059 0.666667
v -0.180400 1.634941 1.333333
v -0.180400 1.634941 0.666667
v -0.166913 1.667500 1.333333
v -0.166913 1.667500 0.666667
v -0.145459 1.695459 1.333333
v -0.145459 1.695459 0.666667
v -0.117500 1.716913 1.333333
v -0.117500 1.716913 0.666667
v -0.084941 1.730400 1.333333
v -0.084941 1.730400 0.666667
v -0.050000 1.735000 1.333333
v -0.050000 1.735000 0.666667
v -0.015059 1.730400 1.333333
v -0.015059 1.730400 0.666667
v 0.017500 1.716913 1.333333
v 0.017500 1.716913 0.666667
v 0.045459 1.695459 1.333333
v 0.045459 1.695459 0.666667
v 0.066913 1.667500 1.333333
v 0.066913 1.667500 0.666667
v 0.080400 1.634941 1.333333
v 0.080400 1.634941 0.666667
v -5.585000 1.400000 1.333333
v -5.585000 1.400000 0.666667
v -5.319600 1.365059 1.333333
v -5.319600 1.365059 0.666667
v -5.315000 1.400000 0.666667
v -5.315000 1.400000 1.333333
v -5.333087 1.332500 1.333333
v -5.333087 1.332500 0.666667
v -5.354541 1.304541 1.333333
v -5.354541 1.304541 0.666667
v -5.382500 1.283087 1.333333
v -5.382500 1.283087 0.666667
v -5.415060 1.269600 1.333333
v -5.415060 1.269600 0.666667
v -5.450000 1.265000 1.333333
v -5.450000 1.265000 0.666667
v -5.484941 1.269600 1.333333
v -5.484941 1.269600 0.666667
v -5.517500 1.283087 1.333333
v -5.517500 1.283087 0.666667
v -5.545459 1.304541 1.333333
v -5.545459 1.304541 0.666667
v -5.566914 1.332500 1.333333
v -5.566914 1.332500 0.666667
v -5.580400 1.365059 1.333333
v -5.580400 1.365059 0.666667
v -5.580400 1.434941 1.333333
v -5.580400 1.434941 0.666667
v -5.566914 1.467500 1.333333
v -5.566914 1.467500 0.666667
v -5.545459 1.495459 1.333333
v -5.545459 1.495459 0.666667
v -5.517500 1.516913 1.333333
v -5.517500 1.516913 0.666667
v -5.484941 1.530400 1.333333
v -5.484941 1.530400 0.666667
v -5.450000 1.535000 1.333333
v -5.450000 1.535000 0.666667
v -5.415060 1.530400 1.333333
v -5.415060 1.530400 0.666667
v -5.382500 1.516913 1.333333
v -5.382500 1.516913 0.666667
v -5.354541 1.495459 1.333333
v -5.354541 1.495459 0.666667
v -5.333087 1.467500 1.333333
v -5.333087 1.467500 0.666667
v -5.319600 1.434941 1.333333
v -5.319600 1.434941 0.666667
v -0.185000 -3.050000 1.333333
v -0.185000 -3.050000 0.666667
v 0.080400 -3.084941 1.333333
v 0.080400 -3.084941 0.666667
v 0.085000 -3.050000 0.666667
v 0.085000 -3.050000 1.333333
v 0.066913 -3.117500 1.333333
v 0.066913 -3.117500 0.666667
v 0.045459 -3.145459 1.333333
v 0.045459 -3.145459 0.666667
v 0.017500 -3.166913 1.333333
v 0.017500 -3.166913 0.666667
v -0.015059 -3.180400 1.333333
v -0.015059 -3.180400 0.666667
v -0.050000 -3.185000 1.333333
v -0.050000 -3.185000 0.666667
v -0.084941 -3.180400 1.333333
v -0.084941 -3.180400 0.666667
v -0.117500 -3.166913 1.333333
v -0.117500 -3.166913 0.666667
v -0.145459 -3.145459 1.333333
v -0.145459 -3.145459 0.666667
v -0.166913 -3.117500 1.333333
v -0.166913 -3.117500 0.666667
v -0.180400 -3.084941 1.333333
v -0.180400 -3.084941 0.666667
v -0.180400 -3.015059 1.333333
v -0.180400 -3.015059 0.666667
v -0.166913 -2.982500 1.333333
v -0.166913 -2.982500 0.666667
v -0.145459 -2.954541 1.333333
v -0.145459 -2.954541 0.666667
v -0.117500 -2.933087 1.333333
v -0.117500 -2.933087 0.666667
v -0.084941 -2.919600 1.333333
v -0.084941 -2.919600 0.666667
v -0.050000 -2.915000 1.333333
v -0.050000 -2.915000 0.666667
v -0.015059 -2.919600 1.333333
v -0.015059 -2.919600 0.666667
v 0.017500 -2.933087 1.333333
v 0.017500 -2.933087 0.666667
v 0.045459 -2.954541 1.333333
v 0.045459 -2.954541 0.666667
v 0.066913 -2.982500 1.333333
v 0.066913 -2.982500 0.666667
v 0.080400 -3.015059 1.333333
v 0.080400 -3.015059 0.666667
v -3.585000 -3.050000 1.333333
v -3.585000 -3.050000 0.666667
v -3.319600 -3.084941 1.333333
v -3.319600 -3.084941 0.666667
v -3.315000 -3.050000 0.666667
v -3.315000 -3.050000 1.333333
v -3.333087 -3.117500 1.333333
v -3.333087 -3.117500 0.666667
v -3.354541 -3.145459 1.333333
v -3.354541 -3.145459 0.666667
v -3.382500 -3.166913 1.333333
v -3.382500 -3.166913 0.666667
v -3.415059 -3.180400 1.333333
v -3.415059 -3.180400 0.666667
v -3.450000 -3.185000 1.333333
v -3.450000 -3.185000 0.666667
v -3.484941 -3.180400 1.333333
v -3.484941 -3.180400 0.666667
v -3.517500 -3.166913 1.333333
v -3.517500 -3.166913 0.666667
v -3.545459 -3.145459 1.333333
v -3.545459 -3.145459 0.666667
v -3.566913 -3.117500 1.333333
v -3.566913 -3.117500 0.666667
v -3.580400 -3.084941 1.333333
v -3.580400 -3.084941 0.666667
v -3.580400 -3.015059 1.333333
v -3.580400 -3.015059 0.666667
v -3.566913 -2.982500 1.333333
v -3.566913 -2.982500 0.666667
v -3.545459 -2.954541 1.333333
v -3.545459 -2.954541 0.666667
v -3.517500 -2.933087 1.333333
v -3.517500 -2.933087 0.666667
v -3.484941 -2.919600 1.333333
v -3.484941 -2.919600 0.666667
v -3.450000 -2.915000 1.333333
v -3.450000 -2.915000 0.666667
v -3.415059 -2.919600 1.333333
v -3.415059 -2.919600 0.666667
v -3.382500 -2.933087 1.333333
v -3.382500 -2.933087 0.666667
v -3.354541 -2.954541 1.333333
v -3.354541 -2.954541 0.666667
v -3.333087 -2.982500 1.333333
v -3.333087 -2.982500 0.666667
v -3.319600 -3.015059 1.333333
v -3.319600 -3.015059 0.666667
v -2.485000 1.600000 1.333333
v -2.485000 1.600000 0.666667
v -2.219600 1.565059 1.333333
v -2.219600 1.565059 0.666667
v -2.215000 1.600000 0.666667
v -2.215000 1.600000 1.333333
v -2.233087 1.532500 1.333333
v -2.233087 1.532500 0.666667
v -2.254541 1.504541 1.333333
v -2.254541 1.504541 0.666667
v -2.282500 1.483087 1.333333
v -2.282500 1.483087 0.666667
v -2.315059 1.469600 1.333333
v -2.315059 1.469600 0.666667
v -2.350000 1.465000 1.333333
v -2.350000 1.465000 0.666667
v -2.384941 1.469600 1.333333
v -2.384941 1.469600 0.666667
v -2.417500 1.483087 1.333333
v -2.417500 1.483087 0.666667
v -2.445459 1.504541 1.333333
v -2.445459 1.504541 0.666667
v -2.466913 1.532500 1.333333
v -2.466913 1.532500 0.666667
v -2.480400 1.565059 1.333333
v -2.480400 1.565059 0.666667
v -2.480400 1.634941 1.333333
v -2.480400 1.634941 0.666667
v -2.466913 1.667500 1.333333
v -2.466913 1.667500 0.666667
v -2.445459 1.695459 1.333333
v -2.445459 1.695459 0.666667
v -2.417500 1.716913 1.333333
v -2.417500 1.716913 0.666667
v -2.384941 1.730400 1.333333
v -2.384941 1.730400 0.666667
v -2.350000 1.735000 1.333333
v -2.350000 1.735000 0.666667
v -2.315059 1.730400 1.333333
v -2.315059 1.730400 0.666667
v -2.282500 1.716913 1.333333
v -2.282500 1.716913 0.666667
v -2.254541 1.695459 1.333333
v -2.254541 1.695459 0.666667
v -2.233087 1.667500 1.333333
v -2.233087 1.667500 0.666667
v -2.219600 1.634941 1.333333
v -2.219600 1.634941 0.666667
v -3.585000 1.400000 1.333333
v -3.585000 1.400000 0.666667
v -3.319600 1.365059 1.333333
v -3.319600 1.365059 0.666667
v -3.315000 1.400000 0.666667
v -3.315000 1.400000 1.333333
v -3.333087 1.332500 1.333333
v -3.333087 1.332500 0.666667
v -3.354541 1.304541 1.333333
v -3.354541 1.304541 0.666667
v -3.382500 1.283087 1.333333
v -3.382500 1.283087 0.666667
v -3.415059 1.269600 1.333333
v -3.415059 1.269600 0.666667
v -3.450000 1.265000 1.333333
v -3.450000 1.265000 0.666667
v -3.484941 1.269600 1.333333
v -3.484941 1.269600 0.666667
v -3.517500 1.283087 1.333333
v -3.517500 1.283087 0.666667
v -3.545459 1.304541 1.333333
v -3.545459 1.304541 0.666667
v -3.566913 1.332500 1.333333
v -3.566913 1.332500 0.666667
v -3.580400 1.365059 1.333333
v -3.580400 1.365059 0.666667
v -3.580400 1.434941 1.333333
v -3.580400 1.434941 0.666667
v -3.566913 1.467500 1.333333
v -3.566913 1.467500 0.666667
v -3.545459 1.495459 1.333333
v -3.545459 1.495459 0.666667
v -3.517500 1.516913 1.333333
v -3.517500 1.516913 0.666667
v -3.484941 1.530400 1.333333
v -3.484941 1.530400 0.666667
v -3.450000 1.535000 1.333333
v -3.450000 1.535000 0.666667
v -3.415059 1.530400 1.333333
v -3.415059 1.530400 0.666667
v -3.382500 1.516913 1.333333
v -3.382500 1.516913 0.666667
v -3.354541 1.495459 1.333333
v -3.354541 1.495459 0.666667
v -3.333087 1.467500 1.333333
v -3.333087 1.467500 0.666667
v -3.319600 1.434941 1.333333
v -3.319600 1.434941 0.666667
v -2.485000 -3.050000 1.333333
v -2.485000 -3.050000 0.666667
v -2.219600 -3.084941 1.333333
v -2.219600 -3.084941 0.666667
v -2.215000 -3.050000 0.666667
v -2.215000 -3.050000 1.333333
v -2.233087 -3.117500 1.333333
v -2.233087 -3.117500 0.666667
v -2.254541 -3.145459 1.333333
v -2.254541 -3.145459 0.666667
v -2.282500 -3.166913 1.333333
v -2.282500 -3.166913 0.666667
v -2.315059 -3.180400 1.333333
v -2.315059 -3.180400 0.666667
v -2.350000 -3.185000 1.333333
v -2.350000 -3.185000 0.666667
v -2.384941 -3.180400 1.333333
v -2.384941 -3.180400 0.666667
v -2.417500 -3.166913 1.333333
v -2.417500 -3.166913 0.666667
v -2.445459 -3.145459 1.333333
v -2.445459 -3.145459 0.666667
v -2.466913 -3.117500 1.333333
v -2.466913 -3.117500 0.666667
v -2.480400 -3.084941 1.333333
v -2.480400 -3.084941 0.666667
v -2.480400 -3.015059 1.333333
v -2.480400 -3.015059 0.666667
v -2.466913 -2.982500 1.333333
v -2.466913 -2.982500 0.666667
v -2.445459 -2.954541 1.333333
v -2.445459 -2.954541 0.666667
v -2.417500 -2.933087 1.333333
v -2.417500 -2.933087 0.666667
v -2.384941 -2.919600 1.333333
v -2.384941 -2.919600 0.666667
v -2.350000 -2.915000 1.333333
v -2.350000 -2.915000 0.666667
v -2.315059 -2.919600 1.333333
v -2.315059 -2.919600 0.666667
v -2.282500 -2.933087 1.333333
v -2.282500 -2.933087 0.666667
v -2.254541 -2.954541 1.333333
v -2.254541 -2.954541 0.666667
v -2.233087 -2.982500 1.333333
v -2.233087 -2.982500 0.666667
v -2.219600 -3.015059 1.333333
v -2.219600 -3.015059 0.666667
v 0.500000 -3.500000 -0.400000
vt -0.383705 0.073532 0.000000
vt -0.965949 0.073532 0.000000
vt -0.383705 -0.073532 0.000000
vt -0.965949 -0.073532 0.000000
vt -0.147064 0.000000 0.000000
vt -0.000000 0.000000 0.000000
vt -0.147064 1.700000 0.000000
vt -0.000000 1.700000 0.000000
vt -0.147064 0.000000 0.000000
vt -0.000000 0.000000 0.000000
vt -0.147064 1.700000 0.000000
vt -0.000000 1.700000 0.000000
vt -0.449655 1.700000 0.000000
vt -0.449655 1.680000 0.000000
vt -0.000000 1.700000 0.000000
vt -0.000000 0.000000 0.000000
vt -1.349655 1.680000 0.000000
vt -1.931899 0.000000 0.000000
vt -1.931899 1.700000 0.000000
vt -1.349655 1.700000 0.000000
vt 0.516295 -0.073532 0.000000
vt 0.965949 -0.073532 0.000000
vt 0.516295 0.073532 0.000000
vt 0.965949 0.073532 0.000000
vt 2.519655 -5.030988 0.000000
vt 2.519655 -5.178052 0.000000
vt 3.050000 -5.030988 0.000000
vt 3.250000 -5.230988 0.000000
vt 3.050000 5.030988 0.000000
vt 3.250000 5.230988 0.000000
vt 2.444008 5.230988 0.000000
vt 0.587756 -5.178052 0.000000
vt -3.249926 -5.230988 0.000000
vt -3.049926 -5.030988 0.000000
vt -3.049926 -0.101836 0.000000
vt 0.587756 -5.030988 0.000000
vt -0.432890 -0.101836 0.000000
vt -3.036148 0.098164 0.000000
vt -3.249926 0.448164 0.000000
vt -0.432890 0.098164 0.000000
vt -3.036148 0.315030 0.000000
vt -2.930447 0.315030 0.000000
vt -2.930447 5.230988 0.000000
vt -3.250000 5.230988 0.000000
vt -3.250000 0.448164 0.000000
vt 2.444008 5.030988 0.000000
vt 2.462244 2.000000 0.000000
vt 2.462244 0.300000 0.000000
vt 6.099926 2.000000 0.000000
vt 6.099926 0.000000 0.000000
vt 1.880000 0.000000 0.000000
vt 1.880000 0.300000 0.000000
vt 0.000000 0.300000 0.000000
vt -0.147064 0.300000 0.000000
vt 0.000000 0.000000 0.000000
vt -0.200000 0.000000 0.000000
vt -0.200000 0.320000 0.000000
vt -0.147064 0.320000 0.000000
vt 0.450000 0.074988 0.000000
vt -0.450000 0.074988 0.000000
vt 0.450000 0.022052 0.000000
vt -0.450000 0.022052 0.000000
vt -0.444104 0.300000 0.000000
vt -0.444104 0.000000 0.000000
vt -0.297040 0.300000 0.000000
vt -0.244104 0.000000 0.000000
vt -0.244104 0.320000 0.000000
vt -0.297040 0.320000 0.000000
vt 0.530345 2.000000 0.000000
vt -0.000000 2.000000 0.000000
vt 0.530345 0.300000 0.000000
vt -0.000000 0.000000 0.000000
vt 0.980000 0.000000 0.000000
vt 0.980000 0.300000 0.000000
vt 0.157080 -0.225006 0.000000
vt 0.157080 -0.480488 0.000000
vt 0.182704 -0.230158 0.000000
vt 0.183260 -0.492132 0.000000
vt 0.201793 -0.235703 0.000000
vt 0.209440 -0.492132 0.000000
vt 0.219934 -0.244037 0.000000
vt 0.235619 -0.492132 0.000000
vt 0.237116 -0.254473 0.000000
vt 0.253421 -0.266397 0.000000
vt 0.261799 -0.492132 0.000000
vt 0.284219 -0.293077 0.000000
vt 0.287979 -0.492132 0.000000
vt 0.313721 -0.321556 0.000000
vt 0.314159 -0.321986 0.000000
vt 0.314159 -0.578337 0.000000
vt 0.287979 -0.759259 0.000000
vt 0.314159 -0.834688 0.000000
vt 0.287979 -1.026385 0.000000
vt 0.314159 -1.091039 0.000000
vt 0.287979 -1.293512 0.000000
vt 0.314159 -1.347390 0.000000
vt 0.287979 -1.560638 0.000000
vt 0.314159 -1.603741 0.000000
vt 0.287979 -1.827765 0.000000
vt 0.314159 -1.860092 0.000000
vt 0.287979 -2.094892 0.000000
vt 0.314159 -2.116443 0.000000
vt 0.287979 -2.362018 0.000000
vt 0.314159 -2.372794 0.000000
vt 0.290119 -2.625604 0.000000
vt 0.314159 -2.629145 0.000000
vt 0.302242 -2.628195 0.000000
vt 0.157080 -0.735971 0.000000
vt 0.183260 -0.759259 0.000000
vt 0.209440 -0.759259 0.000000
vt 0.209440 -1.026385 0.000000
vt 0.235619 -1.026385 0.000000
vt 0.235619 -1.293512 0.000000
vt 0.261799 -1.293512 0.000000
vt 0.261799 -1.560638 0.000000
vt 0.157080 -0.991454 0.000000
vt 0.183260 -1.026385 0.000000
vt 0.209440 -1.293512 0.000000
vt 0.235619 -1.560638 0.000000
vt 0.261799 -1.827765 0.000000
vt 0.157080 -1.246936 0.000000
vt 0.183260 -1.293512 0.000000
vt 0.209440 -1.560638 0.000000
vt 0.235619 -1.827765 0.000000
vt 0.261799 -2.094892 0.000000
vt 0.157080 -1.502419 0.000000
vt 0.183260 -1.560638 0.000000
vt 0.209440 -1.827765 0.000000
vt 0.235619 -2.094892 0.000000
vt 0.261799 -2.362018 0.000000
vt 0.267989 -2.616593 0.000000
vt 0.278885 -2.621754 0.000000
vt 0.157080 -1.757902 0.000000
vt 0.183260 -1.827765 0.000000
vt 0.209440 -2.094892 0.000000
vt 0.235619 -2.362018 0.000000
vt 0.157080 -2.013385 0.000000
vt 0.183260 -2.094892 0.000000
vt 0.209440 -2.362018 0.000000
vt 0.209319 -2.572879 0.000000
vt 0.228013 -2.589058 0.000000
vt 0.157080 -2.268867 0.000000
vt 0.183260 -2.362018 0.000000
vt 0.157080 -2.524350 0.000000
vt 0.192126 -2.557028 0.000000
vt 0.246927 -2.603650 0.000000
vt 0.235619 -0.759259 0.000000
vt 0.261799 -0.759259 0.000000
vt 0.261799 -1.026385 0.000000
vt 0.219553 0.063610 0.000000
vt -0.000000 0.063610 0.000000
vt 0.219991 0.063192 0.000000
vt -0.000000 0.038166 0.000000
vt 0.249048 0.034982 0.000000
vt -0.000000 0.012722 0.000000
vt 0.276625 0.005402 0.000000
vt -0.000000 -0.012722 0.000000
vt 0.289198 -0.010354 0.000000
vt 0.300442 -0.027048 0.000000
vt -0.000000 -0.038166 0.000000
vt 0.309722 -0.044794 0.000000
vt 0.000000 -0.063610 0.000000
vt 0.316288 -0.063610 0.000000
vt 10.458757 -1.873064 0.000000
vt 10.391393 -1.802659 0.000000
vt 10.461976 -1.898234 0.000000
vt 10.148955 -1.692699 0.000000
vt 10.461976 -2.000000 0.000000
vt 5.679152 -2.000000 0.000000
vt 9.941999 -1.525257 0.000000
vt 9.783853 -1.311113 0.000000
vt 10.449305 -1.849514 0.000000
vt 10.434230 -1.829102 0.000000
vt 10.414503 -1.813141 0.000000
vt 9.684699 -1.064058 0.000000
vt 5.679152 0.000000 0.000000
vt 9.650923 -0.800000 0.000000
vt 9.684699 -0.535942 0.000000
vt 9.783853 -0.288887 0.000000
vt 9.941999 -0.074743 0.000000
vt 10.148955 0.092699 0.000000
vt 10.391393 0.202659 0.000000
vt 10.461976 0.298234 0.000000
vt 10.461976 0.400000 0.000000
vt 0.000000 0.400000 0.000000
vt 0.000000 0.000000 0.000000
vt 10.414503 0.213141 0.000000
vt 10.434230 0.229102 0.000000
vt 10.449305 0.249514 0.000000
vt 10.458757 0.273064 0.000000
vt 0.219553 -1.334646 0.000000
vt 0.219553 -1.085258 0.000000
vt 0.000000 -1.334646 0.000000
vt 0.000000 -1.067717 0.000000
vt 0.219553 -0.835870 0.000000
vt 0.000000 -0.800788 0.000000
vt 0.219553 -0.586482 0.000000
vt 0.000000 -0.533859 0.000000
vt 0.219553 -0.337093 0.000000
vt 0.000000 -0.266929 0.000000
vt 0.219553 -0.087705 0.000000
vt 0.000000 0.000000 0.000000
vt 0.219553 0.161683 0.000000
vt 0.000000 0.266929 0.000000
vt 0.219553 0.411072 0.000000
vt 0.000000 0.533859 0.000000
vt 0.219553 0.660460 0.000000
vt 0.000000 0.800788 0.000000
vt 0.219553 0.909848 0.000000
vt 0.000000 1.067717 0.000000
vt 3.800000 1.042978 0.000000
vt 3.800000 1.303723 0.000000
vt 3.089975 0.909848 0.000000
vt 3.800000 0.782234 0.000000
vt 3.089975 0.660460 0.000000
vt 3.800000 0.521489 0.000000
vt 3.089975 0.411072 0.000000
vt 3.800000 0.260745 0.000000
vt 3.089975 0.161683 0.000000
vt 3.800000 0.000000 0.000000
vt 3.089975 -0.087705 0.000000
vt 3.800000 -0.260745 0.000000
vt 3.089975 -0.337093 0.000000
vt 3.800000 -0.521489 0.000000
vt 3.089975 -0.586482 0.000000
vt 3.800000 -0.782234 0.000000
vt 3.089975 -0.835870 0.000000
vt 3.800000 -1.042978 0.000000
vt 3.089975 -1.085258 0.000000
vt 3.800000 -1.303723 0.000000
vt 3.089975 -1.334646 0.000000
vt 3.801097 -1.319115 0.000000
vt 3.804425 -1.334646 0.000000
vt 0.000000 1.334646 0.000000
vt 3.801097 1.319115 0.000000
vt 3.804425 1.334646 0.000000
vt 2.993240 -0.063610 0.000000
vt 3.900000 -0.063610 0.000000
vt 2.999806 -0.044794 0.000000
vt 3.446620 -0.038166 0.000000
vt 3.009086 -0.027048 0.000000
vt 3.446620 -0.012722 0.000000
vt 3.020330 -0.010354 0.000000
vt 3.032903 0.005402 0.000000
vt 3.446620 0.012722 0.000000
vt 3.060480 0.034982 0.000000
vt 3.446620 0.038166 0.000000
vt 3.089537 0.063192 0.000000
vt 3.810289 0.047708 0.000000
vt 3.804425 0.063610 0.000000
vt 3.868728 -0.031805 0.000000
vt 3.840593 0.000000 0.000000
vt 3.828604 0.015903 0.000000
vt 3.818417 0.031805 0.000000
vt 3.089975 0.063610 0.000000
vt -0.000000 -0.063610 0.000000
vt -1.950000 -0.038166 0.000000
vt -3.900000 -0.063610 0.000000
vt -2.437500 -0.038166 0.000000
vt -2.925000 -0.038166 0.000000
vt -2.925000 -0.012722 0.000000
vt -3.412500 -0.012722 0.000000
vt -3.412500 0.012722 0.000000
vt -3.840593 0.000000 0.000000
vt -3.828604 0.015903 0.000000
vt -3.818417 0.031805 0.000000
vt -3.412500 0.038166 0.000000
vt -3.810289 0.047708 0.000000
vt -3.804425 0.063610 0.000000
vt -2.925000 0.038166 0.000000
vt -2.437500 0.038166 0.000000
vt -2.437500 0.012722 0.000000
vt -1.950000 0.012722 0.000000
vt -1.950000 -0.012722 0.000000
vt -1.462500 -0.012722 0.000000
vt -1.462500 -0.038166 0.000000
vt -0.975000 -0.038166 0.000000
vt -0.487500 -0.038166 0.000000
vt -0.000000 -0.038166 0.000000
vt -0.487500 -0.012722 0.000000
vt -0.000000 -0.012722 0.000000
vt -0.487500 0.012722 0.000000
vt -0.000000 0.012722 0.000000
vt -0.487500 0.038166 0.000000
vt -0.000000 0.038166 0.000000
vt -0.000000 0.063610 0.000000
vt -1.950000 0.038166 0.000000
vt -1.462500 0.038166 0.000000
vt -0.975000 0.038166 0.000000
vt -0.975000 0.012722 0.000000
vt -3.868728 -0.031805 0.000000
vt -3.412500 -0.038166 0.000000
vt -0.975000 -0.012722 0.000000
vt -2.437500 -0.012722 0.000000
vt -1.462500 0.012722 0.000000
vt -2.925000 0.012722 0.000000
vt 0.698234 -0.078540 0.000000
vt -0.400000 -0.052360 0.000000
vt -1.498234 -0.078540 0.000000
vt -0.949117 -0.052360 0.000000
vt -1.466963 -0.046735 0.000000
vt -0.949117 -0.026180 0.000000
vt -1.438828 -0.014929 0.000000
vt -0.949117 0.000000 0.000000
vt -1.426839 0.000973 0.000000
vt -1.416652 0.016876 0.000000
vt -0.949117 0.026180 0.000000
vt -1.408523 0.032779 0.000000
vt -0.949117 0.052360 0.000000
vt -1.402659 0.048681 0.000000
vt -1.397976 0.063876 0.000000
vt -1.393128 0.078540 0.000000
vt -0.400000 0.052360 0.000000
vt 0.597976 0.063876 0.000000
vt 0.149117 0.052360 0.000000
vt 0.602659 0.048681 0.000000
vt 0.608523 0.032779 0.000000
vt 0.149117 0.026180 0.000000
vt 0.616652 0.016876 0.000000
vt 0.149117 0.000000 0.000000
vt 0.626839 0.000973 0.000000
vt 0.638828 -0.014929 0.000000
vt 0.149117 -0.026180 0.000000
vt 0.666963 -0.046735 0.000000
vt 0.149117 -0.052360 0.000000
vt 0.593128 0.078540 0.000000
vt -0.400000 -0.026180 0.000000
vt -0.400000 0.000000 0.000000
vt -0.400000 0.026180 0.000000
vt 0.313721 -3.066233 0.000000
vt 0.314159 -3.065803 0.000000
vt 0.287979 -2.895657 0.000000
vt 0.314159 -2.809452 0.000000
vt 0.287979 -2.628530 0.000000
vt 0.314159 -2.553101 0.000000
vt 0.287979 -2.361404 0.000000
vt 0.314159 -2.296750 0.000000
vt 0.287979 -2.094277 0.000000
vt 0.314159 -2.040399 0.000000
vt 0.287979 -1.827150 0.000000
vt 0.314159 -1.784048 0.000000
vt 0.287979 -1.560024 0.000000
vt 0.314159 -1.527697 0.000000
vt 0.287979 -1.292897 0.000000
vt 0.314159 -1.271346 0.000000
vt 0.287979 -1.025771 0.000000
vt 0.314159 -1.014995 0.000000
vt 0.278885 -0.766035 0.000000
vt 0.290119 -0.762185 0.000000
vt 0.302242 -0.759594 0.000000
vt 0.314159 -0.758644 0.000000
vt 0.267989 -0.771196 0.000000
vt 0.246927 -0.784139 0.000000
vt 0.261799 -1.025771 0.000000
vt 0.228013 -0.798731 0.000000
vt 0.235619 -1.025771 0.000000
vt 0.209319 -0.814909 0.000000
vt 0.209440 -1.025771 0.000000
vt 0.192126 -0.830761 0.000000
vt 0.183260 -1.025771 0.000000
vt 0.157080 -0.863439 0.000000
vt 0.157080 -1.118921 0.000000
vt 0.183260 -1.292897 0.000000
vt 0.157080 -1.374404 0.000000
vt 0.183260 -1.560024 0.000000
vt 0.157080 -1.629887 0.000000
vt 0.183260 -1.827150 0.000000
vt 0.157080 -1.885370 0.000000
vt 0.183260 -2.094277 0.000000
vt 0.157080 -2.140852 0.000000
vt 0.183260 -2.361404 0.000000
vt 0.157080 -2.396335 0.000000
vt 0.183260 -2.628530 0.000000
vt 0.157080 -2.651818 0.000000
vt 0.183260 -2.895657 0.000000
vt 0.157080 -2.907301 0.000000
vt 0.182704 -3.157631 0.000000
vt 0.157080 -3.162783 0.000000
vt 0.201793 -3.152085 0.000000
vt 0.219934 -3.143751 0.000000
vt 0.209440 -2.895657 0.000000
vt 0.237116 -3.133316 0.000000
vt 0.235619 -2.895657 0.000000
vt 0.284219 -3.094712 0.000000
vt 0.261799 -2.895657 0.000000
vt 0.253421 -3.121392 0.000000
vt 0.261799 -2.628530 0.000000
vt 0.261799 -2.361404 0.000000
vt 0.261799 -2.094277 0.000000
vt 0.261799 -1.827150 0.000000
vt 0.261799 -1.560024 0.000000
vt 0.261799 -1.292897 0.000000
vt 0.235619 -2.628530 0.000000
vt 0.235619 -2.361404 0.000000
vt 0.235619 -2.094277 0.000000
vt 0.235619 -1.827150 0.000000
vt 0.235619 -1.560024 0.000000
vt 0.235619 -1.292897 0.000000
vt 0.209440 -2.628530 0.000000
vt 0.209440 -2.361404 0.000000
vt 0.209440 -2.094277 0.000000
vt 0.209440 -1.827150 0.000000
vt 0.209440 -1.560024 0.000000
vt 0.209440 -1.292897 0.000000
vt 0.000000 0.298234 0.000000
vt 3.900000 0.298234 0.000000
vt 0.000000 0.400000 0.000000
vt 6.500000 0.400000 0.000000
vt 5.544008 -1.750000 0.000000
vt 5.594008 -1.750000 0.000000
vt 3.900000 -1.898234 0.000000
vt 5.085540 -1.753407 0.000000
vt 5.111422 -1.750000 0.000000
vt 5.161422 -1.750000 0.000000
vt 2.993240 -1.898234 0.000000
vt 2.989975 -1.924155 0.000000
vt 2.989975 -2.000000 0.000000
vt 5.011422 -2.000000 0.000000
vt 5.011422 -1.850000 0.000000
vt 5.014830 -1.824118 0.000000
vt 5.024820 -1.800000 0.000000
vt 5.040712 -1.779289 0.000000
vt 5.061422 -1.763397 0.000000
vt 5.187304 -1.753407 0.000000
vt 5.518126 -1.753407 0.000000
vt 5.494008 -1.763397 0.000000
vt 5.211422 -1.763397 0.000000
vt 5.473297 -1.779289 0.000000
vt 5.232133 -1.779289 0.000000
vt 5.457405 -1.800000 0.000000
vt 5.248025 -1.800000 0.000000
vt 5.447415 -1.824118 0.000000
vt 5.258015 -1.824118 0.000000
vt 5.444008 -1.850000 0.000000
vt 5.261422 -1.850000 0.000000
vt 5.444008 -2.000000 0.000000
vt 5.261422 -2.000000 0.000000
vt 5.619890 -1.753407 0.000000
vt 6.500000 -2.000000 0.000000
vt 5.644008 -1.763397 0.000000
vt 5.664718 -1.779289 0.000000
vt 5.680610 -1.800000 0.000000
vt 5.690600 -1.824118 0.000000
vt 5.694008 -1.850000 0.000000
vt 5.694008 -2.000000 0.000000
vt 0.000000 1.924155 0.000000
vt 0.257197 1.836887 0.000000
vt 0.000000 2.000000 0.000000
vt 4.915958 2.000000 0.000000
vt 0.486728 1.691692 0.000000
vt 0.675768 1.496680 0.000000
vt 0.813758 1.262746 0.000000
vt 0.892987 1.002960 0.000000
vt 4.915958 0.000000 0.000000
vt 0.909030 0.731835 0.000000
vt 0.860990 0.464519 0.000000
vt 0.751551 0.215945 0.000000
vt 0.586827 0.000000 0.000000
vt 0.338024 0.993128 0.000000
vt 0.338024 -0.993128 0.000000
vt 0.571942 0.879458 0.000000
vt 0.571942 -0.879458 0.000000
vt 0.770709 -0.711738 0.000000
vt 0.770709 0.711738 0.000000
vt 0.922110 -0.500276 0.000000
vt 0.922110 0.500276 0.000000
vt 1.016840 -0.258068 0.000000
vt 1.016840 0.258068 0.000000
vt 1.049077 0.000000 0.000000
vt -0.160025 4.790364 0.000000
vt -3.030447 4.790364 0.000000
vt -0.171905 4.789151 0.000000
vt -3.018567 4.789151 0.000000
vt -0.183820 4.785834 0.000000
vt -3.006652 4.785834 0.000000
vt -0.194571 4.780880 0.000000
vt -2.995901 4.780880 0.000000
vt -0.204540 4.774190 0.000000
vt -2.985932 4.774190 0.000000
vt -0.222296 4.757168 0.000000
vt -2.968176 4.757168 0.000000
vt -0.235838 4.737534 0.000000
vt -2.954634 4.737534 0.000000
vt -0.246649 4.715189 0.000000
vt -2.943823 4.715189 0.000000
vt -0.253892 4.692675 0.000000
vt -2.936580 4.692675 0.000000
vt -0.260025 4.644161 0.000000
vt -2.930447 4.644161 0.000000
vt -0.289246 0.315030 0.000000
vt -2.930447 0.315030 0.000000
vt -0.260025 0.315030 0.000000
vt -0.289246 0.098164 0.000000
vt -0.060025 0.315030 0.000000
vt 0.265000 -0.130988 0.000000
vt 0.269600 -0.096048 0.000000
vt -0.432890 0.098164 0.000000
vt -0.432890 -0.101836 0.000000
vt 0.269600 -0.165929 0.000000
vt -3.049926 -0.101836 0.000000
vt -2.665060 -0.200588 0.000000
vt -0.734941 -0.200588 0.000000
vt -0.700000 -0.195988 0.000000
vt -3.049926 -5.030988 0.000000
vt -2.816913 -4.713488 0.000000
vt -2.816914 -0.398488 0.000000
vt -2.830400 -0.365929 0.000000
vt 1.170000 -5.030988 0.000000
vt -0.700000 -4.915988 0.000000
vt -0.734941 -4.911388 0.000000
vt -2.665059 -4.911388 0.000000
vt -2.632500 -4.897902 0.000000
vt -0.767500 -4.897902 0.000000
vt -2.604541 -4.876448 0.000000
vt -0.795459 -4.876448 0.000000
vt -2.583087 -4.848488 0.000000
vt -0.816913 -4.848488 0.000000
vt -2.569600 -4.815929 0.000000
vt -0.830400 -4.815929 0.000000
vt -2.565000 -4.780988 0.000000
vt -0.835000 -4.780988 0.000000
vt -2.569600 -4.746048 0.000000
vt -0.830400 -4.746048 0.000000
vt -2.583087 -4.713488 0.000000
vt -0.816913 -4.713488 0.000000
vt -2.604541 -4.685529 0.000000
vt -0.795459 -4.685529 0.000000
vt -0.795459 -0.426448 0.000000
vt -0.767500 -0.447902 0.000000
vt -0.767500 -4.664075 0.000000
vt -0.734941 -0.461388 0.000000
vt -0.734941 -4.650588 0.000000
vt -0.700000 -0.465988 0.000000
vt -0.700000 -4.645988 0.000000
vt -0.665059 -4.650588 0.000000
vt 1.170000 -5.230988 0.000000
vt 2.070000 -5.230988 0.000000
vt 2.070000 -5.030988 0.000000
vt 2.604541 -0.226448 0.000000
vt 2.604541 -4.685529 0.000000
vt 2.632500 -0.247902 0.000000
vt 2.632500 -4.664075 0.000000
vt 2.665059 -0.261388 0.000000
vt 2.665059 -4.650588 0.000000
vt 2.700000 -0.265988 0.000000
vt 2.700000 -4.645988 0.000000
vt 2.734941 -4.650588 0.000000
vt 3.050000 -5.030988 0.000000
vt 2.700000 -4.915988 0.000000
vt 2.665059 -4.911388 0.000000
vt 2.632500 -4.897902 0.000000
vt 3.050000 5.030988 0.000000
vt 2.835000 -0.130988 0.000000
vt 2.830400 -0.165929 0.000000
vt 2.816913 -0.198488 0.000000
vt 0.950366 5.030988 0.000000
vt 0.950366 4.121138 0.000000
vt 2.665059 -0.000588 0.000000
vt 2.700000 0.004012 0.000000
vt -0.060025 4.121138 0.000000
vt 0.434941 -0.000588 0.000000
vt 0.467500 -0.014075 0.000000
vt -0.665059 -0.461388 0.000000
vt -0.632500 -4.664075 0.000000
vt -0.632500 -0.447902 0.000000
vt 0.332500 -4.664075 0.000000
vt -0.604541 -0.426448 0.000000
vt 0.332500 -0.247902 0.000000
vt 0.304541 -0.226448 0.000000
vt 0.304541 -4.685529 0.000000
vt -0.604541 -4.685529 0.000000
vt 0.283087 -4.713488 0.000000
vt -0.583087 -4.713488 0.000000
vt 0.269600 -4.746048 0.000000
vt -0.569600 -4.746048 0.000000
vt 0.265000 -4.780988 0.000000
vt -0.565000 -4.780988 0.000000
vt 0.269600 -4.815929 0.000000
vt -0.569600 -4.815929 0.000000
vt 0.283087 -4.848488 0.000000
vt -0.583087 -4.848488 0.000000
vt 0.304541 -4.876448 0.000000
vt -0.604541 -4.876448 0.000000
vt 0.332500 -4.897902 0.000000
vt -0.632500 -4.897902 0.000000
vt 0.365059 -4.911388 0.000000
vt -0.665059 -4.911388 0.000000
vt 0.400000 -4.915988 0.000000
vt 2.569600 -4.815929 0.000000
vt 2.565000 -4.780988 0.000000
vt 2.569600 -4.746048 0.000000
vt 2.583087 -4.713488 0.000000
vt 2.734941 -0.261388 0.000000
vt 2.767500 -4.664075 0.000000
vt 2.767500 -0.247902 0.000000
vt 2.795459 -4.685529 0.000000
vt 2.795459 -0.226448 0.000000
vt 2.816913 -4.713488 0.000000
vt 2.830400 -4.746048 0.000000
vt 2.835000 -4.780988 0.000000
vt 2.830400 -4.815929 0.000000
vt 2.816913 -4.848488 0.000000
vt 2.795459 -4.876448 0.000000
vt 2.767500 -4.897902 0.000000
vt 2.734941 -4.911388 0.000000
vt 2.604541 -4.876448 0.000000
vt 2.583087 -4.848488 0.000000
vt -2.830400 -4.815929 0.000000
vt -2.835000 -4.780988 0.000000
vt -2.830400 -4.746048 0.000000
vt -2.795459 -0.426448 0.000000
vt -2.795459 -4.685529 0.000000
vt -2.767500 -0.447902 0.000000
vt -2.767500 -4.664075 0.000000
vt -2.734941 -0.461388 0.000000
vt -2.734941 -4.650588 0.000000
vt -2.700000 -0.465988 0.000000
vt -2.700000 -4.645988 0.000000
vt -2.665059 -4.650588 0.000000
vt -2.632500 -4.664075 0.000000
vt -2.632500 -0.447902 0.000000
vt -2.665060 -0.461388 0.000000
vt -2.604541 -0.426448 0.000000
vt -2.700000 -4.915988 0.000000
vt -2.734941 -4.911388 0.000000
vt -2.767500 -4.897902 0.000000
vt -2.795459 -4.876448 0.000000
vt -2.816913 -4.848488 0.000000
vt -2.835000 -0.330988 0.000000
vt -2.830400 -0.296048 0.000000
vt -2.816914 -0.263488 0.000000
vt -2.795459 -0.235529 0.000000
vt -2.767500 -0.214075 0.000000
vt -2.734941 -0.200588 0.000000
vt -2.700000 -0.195988 0.000000
vt -0.767500 -0.214075 0.000000
vt -2.632500 -0.214075 0.000000
vt -0.795459 -0.235529 0.000000
vt -2.604541 -0.235529 0.000000
vt -0.816913 -0.263488 0.000000
vt -2.583087 -0.263488 0.000000
vt -0.830400 -0.296048 0.000000
vt -2.569600 -0.296048 0.000000
vt -0.835000 -0.330988 0.000000
vt -2.565000 -0.330988 0.000000
vt -0.830400 -0.365929 0.000000
vt -2.569600 -0.365929 0.000000
vt -0.816913 -0.398488 0.000000
vt -2.583087 -0.398488 0.000000
vt 0.365059 -0.261388 0.000000
vt 0.365059 -4.650588 0.000000
vt 0.400000 -0.265988 0.000000
vt 0.400000 -4.645988 0.000000
vt 0.434941 -4.650588 0.000000
vt 0.467500 -4.664075 0.000000
vt 0.467500 -0.247902 0.000000
vt 0.434941 -0.261388 0.000000
vt 0.495459 -0.226448 0.000000
vt 0.495459 -4.685529 0.000000
vt 0.516913 -4.713488 0.000000
vt 0.530400 -4.746048 0.000000
vt 0.535000 -4.780988 0.000000
vt 0.530400 -4.815929 0.000000
vt 0.516913 -4.848488 0.000000
vt 0.495459 -4.876448 0.000000
vt 0.467500 -4.897902 0.000000
vt 0.434941 -4.911388 0.000000
vt 2.569600 -0.096048 0.000000
vt 0.530400 -0.096048 0.000000
vt 2.565000 -0.130988 0.000000
vt 0.535000 -0.130988 0.000000
vt 2.569600 -0.165929 0.000000
vt 0.530400 -0.165929 0.000000
vt 2.583087 -0.198488 0.000000
vt 0.516913 -0.198488 0.000000
vt 0.516913 -0.063488 0.000000
vt 2.583087 -0.063488 0.000000
vt 2.604541 -0.035529 0.000000
vt 2.632500 -0.014075 0.000000
vt 2.734941 -0.000588 0.000000
vt 2.767500 -0.014075 0.000000
vt 2.795459 -0.035529 0.000000
vt 2.816913 -0.063488 0.000000
vt 2.830400 -0.096048 0.000000
vt 0.283087 -0.063488 0.000000
vt 0.304541 -0.035529 0.000000
vt 0.332500 -0.014075 0.000000
vt 0.365059 -0.000588 0.000000
vt 0.400000 0.004012 0.000000
vt 0.495459 -0.035529 0.000000
vt -0.583087 -0.398488 0.000000
vt 0.283087 -0.198488 0.000000
vt -0.569600 -0.365929 0.000000
vt -0.565000 -0.330988 0.000000
vt -0.569600 -0.296048 0.000000
vt -0.583087 -0.263488 0.000000
vt -0.604541 -0.235529 0.000000
vt -0.632500 -0.214075 0.000000
vt -0.665059 -0.200588 0.000000
vt 4.329131 0.000000 0.000000
vt 4.164407 0.215945 0.000000
vt 0.000000 0.000000 0.000000
vt 0.000000 0.200000 0.000000
vt 4.054968 0.464519 0.000000
vt 4.006928 0.731835 0.000000
vt 4.022971 1.002960 0.000000
vt 0.000000 2.000000 0.000000
vt 4.102200 1.262746 0.000000
vt 4.240190 1.496680 0.000000
vt 4.429231 1.691692 0.000000
vt 4.658761 1.836887 0.000000
vt 4.915958 2.000000 0.000000
vt 4.915958 1.924155 0.000000
vt 0.316288 -1.898234 0.000000
vt 0.000000 -1.898234 0.000000
vt 0.319553 -1.924155 0.000000
vt 0.000000 -2.000000 0.000000
vt 0.319553 -2.000000 0.000000
vt 0.150000 0.078540 0.000000
vt -0.050000 0.078540 0.000000
vt 0.150000 0.052360 0.000000
vt -0.050000 0.052360 0.000000
vt 0.150000 0.026180 0.000000
vt -0.050000 0.026180 0.000000
vt 0.150000 -0.000000 0.000000
vt -0.050000 -0.000000 0.000000
vt 0.150000 -0.026180 0.000000
vt -0.050000 -0.026180 0.000000
vt 0.150000 -0.052360 0.000000
vt -0.050000 -0.052360 0.000000
vt 0.150000 -0.078540 0.000000
vt -0.050000 -0.078540 0.000000
vt 0.025000 0.100000 0.000000
vt -0.025000 0.100000 0.000000
vt 0.025000 -0.100000 0.000000
vt -0.025000 -0.100000 0.000000
vt 0.150000 0.078540 0.000000
vt -0.050000 0.078540 0.000000
vt 0.150000 0.052360 0.000000
vt -0.050000 0.052360 0.000000
vt 0.150000 0.026180 0.000000
vt -0.050000 0.026180 0.000000
vt 0.150000 -0.000000 0.000000
vt -0.050000 -0.000000 0.000000
vt 0.150000 -0.026180 0.000000
vt -0.050000 -0.026180 0.000000
vt 0.150000 -0.052360 0.000000
vt -0.050000 -0.052360 0.000000
vt 0.150000 -0.078540 0.000000
vt -0.050000 -0.078540 0.000000
vt 0.150000 0.078540 0.000000
vt -0.050000 0.078540 0.000000
vt 0.150000 0.052360 0.000000
vt -0.050000 0.052360 0.000000
vt 0.150000 0.026180 0.000000
vt -0.050000 0.026180 0.000000
vt 0.150000 -0.000000 0.000000
vt -0.050000 -0.000000 0.000000
vt 0.150000 -0.026180 0.000000
vt -0.050000 -0.026180 0.000000
vt 0.150000 -0.052360 0.000000
vt -0.050000 -0.052360 0.000000
vt 0.150000 -0.078540 0.000000
vt -0.050000 -0.078540 0.000000
vt -0.025000 -0.100000 0.000000
vt 0.025000 -0.100000 0.000000
vt -0.025000 0.100000 0.000000
vt 0.025000 0.100000 0.000000
vt 0.150000 0.078540 0.000000
vt -0.050000 0.078540 0.000000
vt 0.150000 0.052360 0.000000
vt -0.050000 0.052360 0.000000
vt 0.150000 0.026180 0.000000
vt -0.050000 0.026180 0.000000
vt 0.150000 0.000000 0.000000
vt -0.050000 -0.000000 0.000000
vt 0.150000 -0.026180 0.000000
vt -0.050000 -0.026180 0.000000
vt 0.150000 -0.052360 0.000000
vt -0.050000 -0.052360 0.000000
vt 0.150000 -0.078540 0.000000
vt -0.050000 -0.078540 0.000000
vt -0.000000 0.150000 0.000000
vt -0.200000 0.150000 0.000000
vt -0.000000 0.000000 0.000000
vt -0.200000 0.000000 0.000000
vt 0.000000 0.150000 0.000000
vt -0.200000 0.150000 0.000000
vt -0.000000 0.000000 0.000000
vt -0.200000 0.000000 0.000000
vt 0.000000 0.150000 0.000000
vt -0.200000 0.150000 0.000000
vt -0.000000 0.000000 0.000000
vt -0.200000 0.000000 0.000000
vt 0.000000 0.150000 0.000000
vt -0.200000 0.150000 0.000000
vt -0.000000 0.000000 0.000000
vt -0.200000 0.000000 0.000000
vt 1.761422 5.030988 0.000000
vt 1.761422 5.230988 0.000000
vt 0.950366 5.030988 0.000000
vt -0.260025 5.230988 0.000000
vt -0.060025 4.121138 0.000000
vt -0.260025 0.315030 0.000000
vt -0.060025 0.315030 0.000000
vt 0.950366 4.121138 0.000000
vt 2.194008 5.230988 0.000000
vt 2.011422 5.230988 0.000000
vt 2.194008 5.030988 0.000000
vt 2.011422 5.030988 0.000000
vt 1.493641 2.000000 0.000000
vt 1.493641 1.850000 0.000000
vt 2.099634 2.000000 0.000000
vt 1.490234 1.824118 0.000000
vt 1.480244 1.800000 0.000000
vt 1.464352 1.779289 0.000000
vt 2.099634 0.000000 0.000000
vt 1.443641 1.763397 0.000000
vt 1.419523 1.753407 0.000000
vt 1.393641 1.750000 0.000000
vt 1.343641 1.750000 0.000000
vt 1.317760 1.753407 0.000000
vt 1.293641 1.763397 0.000000
vt 1.011056 1.763397 0.000000
vt 0.986938 1.753407 0.000000
vt 0.961056 1.750000 0.000000
vt 0.000000 0.000000 0.000000
vt 0.911056 1.750000 0.000000
vt 0.885174 1.753407 0.000000
vt 1.031767 1.779289 0.000000
vt 1.272931 1.779289 0.000000
vt 1.047659 1.800000 0.000000
vt 1.257039 1.800000 0.000000
vt 1.057649 1.824118 0.000000
vt 1.247049 1.824118 0.000000
vt 1.061056 1.850000 0.000000
vt 1.243641 1.850000 0.000000
vt 1.061056 2.000000 0.000000
vt 1.243641 2.000000 0.000000
vt 0.861056 1.763397 0.000000
vt 0.840345 1.779289 0.000000
vt 0.000000 2.000000 0.000000
vt 0.824454 1.800000 0.000000
vt 0.814464 1.824118 0.000000
vt 0.811056 1.850000 0.000000
vt 0.811056 2.000000 0.000000
vt -0.130400 -0.034941 0.000000
vt 0.130400 -0.034941 0.000000
vt -0.135000 0.000000 0.000000
vt 0.135000 0.000000 0.000000
vt -0.130400 0.034941 0.000000
vt 0.130400 0.034941 0.000000
vt -0.116913 0.067500 0.000000
vt 0.116913 0.067500 0.000000
vt -0.095459 0.095459 0.000000
vt 0.095459 0.095459 0.000000
vt -0.067500 0.116913 0.000000
vt 0.067500 0.116913 0.000000
vt -0.034941 0.130400 0.000000
vt 0.034941 0.130400 0.000000
vt 0.000000 0.135000 0.000000
vt 0.116913 -0.067500 0.000000
vt -0.116913 -0.067500 0.000000
vt 0.095459 -0.095459 0.000000
vt -0.095459 -0.095459 0.000000
vt 0.067500 -0.116913 0.000000
vt -0.067500 -0.116913 0.000000
vt 0.034941 -0.130400 0.000000
vt -0.034941 -0.130400 0.000000
vt 0.000000 -0.135000 0.000000
vt -0.130400 -0.034941 0.000000
vt 0.130400 -0.034941 0.000000
vt -0.135000 0.000000 0.000000
vt 0.135000 0.000000 0.000000
vt -0.130400 0.034941 0.000000
vt 0.130400 0.034941 0.000000
vt -0.116913 0.067500 0.000000
vt 0.116913 0.067500 0.000000
vt -0.095459 0.095459 0.000000
vt 0.095459 0.095459 0.000000
vt -0.067500 0.116913 0.000000
vt 0.067500 0.116913 0.000000
vt -0.034941 0.130400 0.000000
vt 0.034941 0.130400 0.000000
vt 0.000000 0.135000 0.000000
vt 0.116913 -0.067500 0.000000
vt -0.116913 -0.067500 0.000000
vt 0.095459 -0.095459 0.000000
vt -0.095459 -0.095459 0.000000
vt 0.067500 -0.116913 0.000000
vt -0.067500 -0.116913 0.000000
vt 0.034941 -0.130400 0.000000
vt -0.034941 -0.130400 0.000000
vt 0.000000 -0.135000 0.000000
vt 0.000000 0.000000 0.000000
vt 3.806108 0.000000 0.000000
vt 0.000000 2.000000 0.000000
vt 3.806108 2.000000 0.000000
vt 0.000000 0.000000 0.000000
vt 0.200000 0.000000 0.000000
vt 0.000000 2.000000 0.000000
vt 0.200000 2.000000 0.000000
vt 0.000000 0.000000 0.000000
vt 5.679152 0.000000 0.000000
vt 0.000000 2.000000 0.000000
vt 5.679152 2.000000 0.000000
vt 0.000000 0.000000 0.000000
vt 0.000074 0.000000 0.000000
vt 0.000000 2.000000 0.000000
vt 0.000074 2.000000 0.000000
vt 0.000000 0.200000 0.000000
vt 0.105701 0.200000 0.000000
vt 0.000000 2.000000 0.000000
vt 0.105701 2.000000 0.000000
vt 0.000000 0.200000 0.000000
vt 0.216866 0.200000 0.000000
vt 0.000000 2.000000 0.000000
vt 0.216866 2.000000 0.000000
vt 0.000000 0.000000 0.000000
vt 4.929152 0.000000 0.000000
vt 0.000000 2.000000 0.000000
vt 4.929152 2.000000 0.000000
vt -0.000000 0.000000 0.000000
vt 10.061976 0.000000 0.000000
vt -0.000000 2.000000 0.000000
vt 10.061976 2.000000 0.000000
vt 0.000000 0.000000 0.000000
vt 0.909850 0.000000 0.000000
vt 0.000000 2.000000 0.000000
vt 0.909850 2.000000 0.000000
vt 0.000000 0.000000 0.000000
vt 1.010391 0.000000 0.000000
vt 0.000000 2.000000 0.000000
vt 1.010391 2.000000 0.000000
vt -3.249926 0.448164 0.000000
vt -3.250000 0.448164 0.000000
vt -3.249926 -5.230988 0.000000
vt -3.250000 -5.230988 0.000000
vt -0.130400 -0.034941 0.000000
vt 0.130400 -0.034941 0.000000
vt -0.135000 0.000000 0.000000
vt 0.135000 0.000000 0.000000
vt -0.130400 0.034941 0.000000
vt 0.130400 0.034941 0.000000
vt -0.116913 0.067500 0.000000
vt 0.116913 0.067500 0.000000
vt -0.095459 0.095459 0.000000
vt 0.095459 0.095459 0.000000
vt -0.067500 0.116913 0.000000
vt 0.067500 0.116913 0.000000
vt -0.034941 0.130400 0.000000
vt 0.034941 0.130400 0.000000
vt 0.000000 0.135000 0.000000
vt 0.116913 -0.067500 0.000000
vt -0.116913 -0.067500 0.000000
vt 0.095459 -0.095459 0.000000
vt -0.095459 -0.095459 0.000000
vt 0.067500 -0.116913 0.000000
vt -0.067500 -0.116913 0.000000
vt 0.034941 -0.130400 0.000000
vt -0.034941 -0.130400 0.000000
vt 0.000000 -0.135000 0.000000
vt -0.130400 -0.034941 0.000000
vt 0.130400 -0.034941 0.000000
vt -0.135000 0.000000 0.000000
vt 0.135000 0.000000 0.000000
vt -0.130400 0.034941 0.000000
vt 0.130400 0.034941 0.000000
vt -0.116913 0.067500 0.000000
vt 0.116913 0.067500 0.000000
vt -0.095459 0.095459 0.000000
vt 0.095459 0.095459 0.000000
vt -0.067500 0.116913 0.000000
vt 0.067500 0.116913 0.000000
vt -0.034941 0.130400 0.000000
vt 0.034941 0.130400 0.000000
vt 0.000000 0.135000 0.000000
vt 0.116913 -0.067500 0.000000
vt -0.116913 -0.067500 0.000000
vt 0.095459 -0.095459 0.000000
vt -0.095459 -0.095459 0.000000
vt 0.067500 -0.116913 0.000000
vt -0.067500 -0.116913 0.000000
vt 0.034941 -0.130400 0.000000
vt -0.034941 -0.130400 0.000000
vt 0.000000 -0.135000 0.000000
vt -0.130400 -0.034941 0.000000
vt 0.130400 -0.034941 0.000000
vt -0.135000 0.000000 0.000000
vt 0.135000 0.000000 0.000000
vt -0.130400 0.034941 0.000000
vt 0.130400 0.034941 0.000000
vt -0.116913 0.067500 0.000000
vt 0.116913 0.067500 0.000000
vt -0.095459 0.095459 0.000000
vt 0.095459 0.095459 0.000000
vt -0.067500 0.116913 0.000000
vt 0.067500 0.116913 0.000000
vt -0.034941 0.130400 0.000000
vt 0.034941 0.130400 0.000000
vt 0.000000 0.135000 0.000000
vt 0.116913 -0.067500 0.000000
vt -0.116913 -0.067500 0.000000
vt 0.095459 -0.095459 0.000000
vt -0.095459 -0.095459 0.000000
vt 0.067500 -0.116913 0.000000
vt -0.067500 -0.116913 0.000000
vt 0.034941 -0.130400 0.000000
vt -0.034941 -0.130400 0.000000
vt 0.000000 -0.135000 0.000000
vt -0.130400 -0.034941 0.000000
vt 0.130400 -0.034941 0.000000
vt -0.135000 0.000000 0.000000
vt 0.135000 0.000000 0.000000
vt -0.130400 0.034941 0.000000
vt 0.130400 0.034941 0.000000
vt -0.116913 0.067500 0.000000
vt 0.116913 0.067500 0.000000
vt -0.095459 0.095459 0.000000
vt 0.095459 0.095459 0.000000
vt -0.067500 0.116913 0.000000
vt 0.067500 0.116913 0.000000
vt -0.034941 0.130400 0.000000
vt 0.034941 0.130400 0.000000
vt 0.000000 0.135000 0.000000
vt 0.116913 -0.067500 0.000000
vt -0.116913 -0.067500 0.000000
vt 0.095459 -0.095459 0.000000
vt -0.095459 -0.095459 0.000000
vt 0.067500 -0.116913 0.000000
vt -0.067500 -0.116913 0.000000
vt 0.034941 -0.130400 0.000000
vt -0.034941 -0.130400 0.000000
vt 0.000000 -0.135000 0.000000
vt -0.130400 -0.034941 0.000000
vt 0.130400 -0.034941 0.000000
vt -0.135000 0.000000 0.000000
vt 0.135000 0.000000 0.000000
vt -0.130400 0.034941 0.000000
vt 0.130400 0.034941 0.000000
vt -0.116913 0.067500 0.000000
vt 0.116913 0.067500 0.000000
vt -0.095459 0.095459 0.000000
vt 0.095459 0.095459 0.000000
vt -0.067500 0.116913 0.000000
vt 0.067500 0.116913 0.000000
vt -0.034941 0.130400 0.000000
vt 0.034941 0.130400 0.000000
vt 0.000000 0.135000 0.000000
vt 0.116913 -0.067500 0.000000
vt -0.116913 -0.067500 0.000000
vt 0.095459 -0.095459 0.000000
vt -0.095459 -0.095459 0.000000
vt 0.067500 -0.116913 0.000000
vt -0.067500 -0.116913 0.000000
vt 0.034941 -0.130400 0.000000
vt -0.034941 -0.130400 0.000000
vt 0.000000 -0.135000 0.000000
vt -0.130400 -0.034941 0.000000
vt 0.130400 -0.034941 0.000000
vt -0.135000 0.000000 0.000000
vt 0.135000 0.000000 0.000000
vt -0.130400 0.034941 0.000000
vt 0.130400 0.034941 0.000000
vt -0.116913 0.067500 0.000000
vt 0.116913 0.067500 0.000000
vt -0.095459 0.095459 0.000000
vt 0.095459 0.095459 0.000000
vt -0.067500 0.116913 0.000000
vt 0.067500 0.116913 0.000000
vt -0.034941 0.130400 0.000000
vt 0.034941 0.130400 0.000000
vt 0.000000 0.135000 0.000000
vt 0.116913 -0.067500 0.000000
vt -0.116913 -0.067500 0.000000
vt 0.095459 -0.095459 0.000000
vt -0.095459 -0.095459 0.000000
vt 0.067500 -0.116913 0.000000
vt -0.067500 -0.116913 0.000000
vt 0.034941 -0.130400 0.000000
vt -0.034941 -0.130400 0.000000
vt 0.000000 -0.135000 0.000000
vt 2.603258 0.000000 0.000000
vt 2.746902 0.000000 0.000000
vt 2.603258 0.200000 0.000000
vt 2.746902 0.200000 0.000000
vt 2.641201 0.200000 0.000000
vt 0.000000 0.200000 0.000000
vt 2.641201 0.000000 0.000000
vt 0.000000 0.000000 0.000000
vt 0.000000 0.000000 0.000000
vt 0.216866 0.000000 0.000000
vt 0.000000 0.200000 0.000000
vt 0.216866 0.200000 0.000000
vt -1.373451 0.108433 0.000000
vt -1.373451 -0.108433 0.000000
vt -1.267750 0.108433 0.000000
vt 1.229807 -0.108433 0.000000
vt 1.373451 0.108433 0.000000
vt 1.373451 -0.108433 0.000000
vt -0.000000 0.200000 0.000000
vt 2.603258 0.200000 0.000000
vt -0.000000 2.000000 0.000000
vt 2.603258 2.000000 0.000000
vt 0.200000 0.000000 0.000000
vt 0.200000 0.200000 0.000000
vt 0.000000 0.000000 0.000000
vt 0.000000 2.000000 0.000000
vt 0.200000 2.000000 0.000000
vt -0.013778 0.000000 0.000000
vt 2.603258 0.000000 0.000000
vt -0.013778 2.000000 0.000000
vt 2.603258 2.000000 0.000000
vt -2.000000 -0.035343 0.000000
vt -1.333333 -0.035343 0.000000
vt -2.000000 0.000000 0.000000
vt -1.333333 0.000000 0.000000
vt -2.000000 0.035343 0.000000
vt -1.333333 0.035343 0.000000
vt -2.000000 0.070686 0.000000
vt -1.333333 0.070686 0.000000
vt -2.000000 0.106029 0.000000
vt -1.333333 0.106029 0.000000
vt -2.000000 0.141372 0.000000
vt -1.333333 0.141372 0.000000
vt -2.000000 0.176715 0.000000
vt -1.333333 0.176715 0.000000
vt -2.000000 0.212058 0.000000
vt -1.333333 0.212058 0.000000
vt -2.000000 0.247400 0.000000
vt -1.333333 0.247400 0.000000
vt -2.000000 0.282743 0.000000
vt -1.333333 0.282743 0.000000
vt -2.000000 0.318086 0.000000
vt -1.333333 0.318086 0.000000
vt -2.000000 0.353429 0.000000
vt -1.333333 0.353429 0.000000
vt -2.000000 0.388772 0.000000
vt -1.333333 0.388772 0.000000
vt -2.000000 0.424115 0.000000
vt -1.333333 0.424115 0.000000
vt -2.000000 -0.424115 0.000000
vt -1.333333 -0.424115 0.000000
vt -2.000000 -0.388772 0.000000
vt -1.333333 -0.388772 0.000000
vt -2.000000 -0.353429 0.000000
vt -1.333333 -0.353429 0.000000
vt -2.000000 -0.318086 0.000000
vt -1.333333 -0.318086 0.000000
vt -2.000000 -0.282743 0.000000
vt -1.333333 -0.282743 0.000000
vt -2.000000 -0.247400 0.000000
vt -1.333333 -0.247400 0.000000
vt -2.000000 -0.212058 0.000000
vt -1.333333 -0.212058 0.000000
vt -2.000000 -0.176715 0.000000
vt -1.333333 -0.176715 0.000000
vt -2.000000 -0.141372 0.000000
vt -1.333333 -0.141372 0.000000
vt -2.000000 -0.106029 0.000000
vt -1.333333 -0.106029 0.000000
vt -2.000000 -0.070686 0.000000
vt -1.333333 -0.070686 0.000000
vt -0.000000 -0.388772 0.000000
vt -0.666667 -0.388772 0.000000
vt -0.000000 -0.424115 0.000000
vt -0.666667 -0.424115 0.000000
vt -0.000000 0.424115 0.000000
vt -0.666667 0.424115 0.000000
vt -0.000000 0.388772 0.000000
vt -0.666667 0.388772 0.000000
vt -0.000000 0.353429 0.000000
vt -0.666667 0.353429 0.000000
vt -0.000000 0.318086 0.000000
vt -0.666667 0.318086 0.000000
vt -0.000000 0.282743 0.000000
vt -0.666667 0.282743 0.000000
vt -0.000000 0.247400 0.000000
vt -0.666667 0.247400 0.000000
vt -0.000000 0.212058 0.000000
vt -0.666667 0.212058 0.000000
vt -0.000000 0.176715 0.000000
vt -0.666667 0.176715 0.000000
vt -0.000000 0.141372 0.000000
vt -0.666667 0.141372 0.000000
vt -0.000000 0.106029 0.000000
vt -0.666667 0.106029 0.000000
vt -0.000000 0.070686 0.000000
vt -0.666667 0.070686 0.000000
vt -0.000000 0.035343 0.000000
vt -0.666667 0.035343 0.000000
vt -0.000000 0.000000 0.000000
vt -0.666667 0.000000 0.000000
vt -0.000000 -0.035343 0.000000
vt -0.666667 -0.035343 0.000000
vt -0.000000 -0.070686 0.000000
vt -0.666667 -0.070686 0.000000
vt -0.000000 -0.106029 0.000000
vt -0.666667 -0.106029 0.000000
vt -0.000000 -0.141372 0.000000
vt -0.666667 -0.141372 0.000000
vt -0.000000 -0.176715 0.000000
vt -0.666667 -0.176715 0.000000
vt -0.000000 -0.212058 0.000000
vt -0.666667 -0.212058 0.000000
vt -0.000000 -0.247400 0.000000
vt -0.666667 -0.247400 0.000000
vt -0.000000 -0.282743 0.000000
vt -0.666667 -0.282743 0.000000
vt -0.000000 -0.318086 0.000000
vt -0.666667 -0.318086 0.000000
vt -0.000000 -0.353429 0.000000
vt -0.666667 -0.353429 0.000000
vt -2.000000 -0.035343 0.000000
vt -1.333333 -0.035343 0.000000
vt -2.000000 0.000000 0.000000
vt -1.333333 0.000000 0.000000
vt -2.000000 0.035343 0.000000
vt -1.333333 0.035343 0.000000
vt -2.000000 0.070686 0.000000
vt -1.333333 0.070686 0.000000
vt -2.000000 0.106029 0.000000
vt -1.333333 0.106029 0.000000
vt -2.000000 0.141372 0.000000
vt -1.333333 0.141372 0.000000
vt -2.000000 0.176715 0.000000
vt -1.333333 0.176715 0.000000
vt -2.000000 0.212058 0.000000
vt -1.333333 0.212058 0.000000
vt -2.000000 0.247400 0.000000
vt -1.333333 0.247400 0.000000
vt -2.000000 0.282743 0.000000
vt -1.333333 0.282743 0.000000
vt -2.000000 0.318086 0.000000
vt -1.333333 0.318086 0.000000
vt -2.000000 0.353429 0.000000
vt -1.333333 0.353429 0.000000
vt -2.000000 0.388772 0.000000
vt -1.333333 0.388772 0.000000
vt -2.000000 0.424115 0.000000
vt -1.333333 0.424115 0.000000
vt -2.000000 -0.424115 0.000000
vt -1.333333 -0.424115 0.000000
vt -2.000000 -0.388772 0.000000
vt -1.333333 -0.388772 0.000000
vt -2.000000 -0.353429 0.000000
vt -1.333333 -0.353429 0.000000
vt -2.000000 -0.318086 0.000000
vt -1.333333 -0.318086 0.000000
vt -2.000000 -0.282743 0.000000
vt -1.333333 -0.282743 0.000000
vt -2.000000 -0.247400 0.000000
vt -1.333333 -0.247400 0.000000
vt -2.000000 -0.212058 0.000000
vt -1.333333 -0.212058 0.000000
vt -2.000000 -0.176715 0.000000
vt -1.333333 -0.176715 0.000000
vt -2.000000 -0.141372 0.000000
vt -1.333333 -0.141372 0.000000
vt -2.000000 -0.106029 0.000000
vt -1.333333 -0.106029 0.000000
vt -2.000000 -0.070686 0.000000
vt -1.333333 -0.070686 0.000000
vt -0.000000 -0.388772 0.000000
vt -0.666667 -0.388772 0.000000
vt -0.000000 -0.424115 0.000000
vt -0.666667 -0.424115 0.000000
vt -0.000000 0.424115 0.000000
vt -0.666667 0.424115 0.000000
vt -0.000000 0.388772 0.000000
vt -0.666667 0.388772 0.000000
vt -0.000000 0.353429 0.000000
vt -0.666667 0.353429 0.000000
vt -0.000000 0.318086 0.000000
vt -0.666667 0.318086 0.000000
vt -0.000000 0.282743 0.000000
vt -0.666667 0.282743 0.000000
vt -0.000000 0.247400 0.000000
vt -0.666667 0.247400 0.000000
vt -0.000000 0.212058 0.000000
vt -0.666667 0.212058 0.000000
vt -0.000000 0.176715 0.000000
vt -0.666667 0.176715 0.000000
vt -0.000000 0.141372 0.000000
vt -0.666667 0.141372 0.000000
vt -0.000000 0.106029 0.000000
vt -0.666667 0.106029 0.000000
vt -0.000000 0.070686 0.000000
vt -0.666667 0.070686 0.000000
vt -0.000000 0.035343 0.000000
vt -0.666667 0.035343 0.000000
vt -0.000000 0.000000 0.000000
vt -0.666667 0.000000 0.000000
vt -0.000000 -0.035343 0.000000
vt -0.666667 -0.035343 0.000000
vt -0.000000 -0.070686 0.000000
vt -0.666667 -0.070686 0.000000
vt -0.000000 -0.106029 0.000000
vt -0.666667 -0.106029 0.000000
vt -0.000000 -0.141372 0.000000
vt -0.666667 -0.141372 0.000000
vt -0.000000 -0.176715 0.000000
vt -0.666667 -0.176715 0.000000
vt -0.000000 -0.212058 0.000000
vt -0.666667 -0.212058 0.000000
vt -0.000000 -0.247400 0.000000
vt -0.666667 -0.247400 0.000000
vt -0.000000 -0.282743 0.000000
vt -0.666667 -0.282743 0.000000
vt -0.000000 -0.318086 0.000000
vt -0.666667 -0.318086 0.000000
vt -0.000000 -0.353429 0.000000
vt -0.666667 -0.353429 0.000000
vt -2.000000 -0.035343 0.000000
vt -1.333333 -0.035343 0.000000
vt -2.000000 0.000000 0.000000
vt -1.333333 0.000000 0.000000
vt -2.000000 0.035343 0.000000
vt -1.333333 0.035343 0.000000
vt -2.000000 0.070686 0.000000
vt -1.333333 0.070686 0.000000
vt -2.000000 0.106029 0.000000
vt -1.333333 0.106029 0.000000
vt -2.000000 0.141372 0.000000
vt -1.333333 0.141372 0.000000
vt -2.000000 0.176715 0.000000
vt -1.333333 0.176715 0.000000
vt -2.000000 0.212058 0.000000
vt -1.333333 0.212058 0.000000
vt -2.000000 0.247400 0.000000
vt -1.333333 0.247400 0.000000
vt -2.000000 0.282743 0.000000
vt -1.333333 0.282743 0.000000
vt -2.000000 0.318086 0.000000
vt -1.333333 0.318086 0.000000
vt -2.000000 0.353429 0.000000
vt -1.333333 0.353429 0.000000
vt -2.000000 0.388772 0.000000
vt -1.333333 0.388772 0.000000
vt -2.000000 0.424115 0.000000
vt -1.333333 0.424115 0.000000
vt -2.000000 -0.424115 0.000000
vt -1.333333 -0.424115 0.000000
vt -2.000000 -0.388772 0.000000
vt -1.333333 -0.388772 0.000000
vt -2.000000 -0.353429 0.000000
vt -1.333333 -0.353429 0.000000
vt -2.000000 -0.318086 0.000000
vt -1.333333 -0.318086 0.000000
vt -2.000000 -0.282743 0.000000
vt -1.333333 -0.282743 0.000000
vt -2.000000 -0.247400 0.000000
vt -1.333333 -0.247400 0.000000
vt -2.000000 -0.212058 0.000000
vt -1.333333 -0.212058 0.000000
vt -2.000000 -0.176715 0.000000
vt -1.333333 -0.176715 0.000000
vt -2.000000 -0.141372 0.000000
vt -1.333333 -0.141372 0.000000
vt -2.000000 -0.106029 0.000000
vt -1.333333 -0.106029 0.000000
vt -2.000000 -0.070686 0.000000
vt -1.333333 -0.070686 0.000000
vt -0.000000 -0.388772 0.000000
vt -0.666667 -0.388772 0.000000
vt -0.000000 -0.424115 0.000000
vt -0.666667 -0.424115 0.000000
vt -0.000000 0.424115 0.000000
vt -0.666667 0.424115 0.000000
vt -0.000000 0.388772 0.000000
vt -0.666667 0.388772 0.000000
vt -0.000000 0.353429 0.000000
vt -0.666667 0.353429 0.000000
vt -0.000000 0.318086 0.000000
vt -0.666667 0.318086 0.000000
vt -0.000000 0.282743 0.000000
vt -0.666667 0.282743 0.000000
vt -0.000000 0.247400 0.000000
vt -0.666667 0.247400 0.000000
vt -0.000000 0.212058 0.000000
vt -0.666667 0.212058 0.000000
vt -0.000000 0.176715 0.000000
vt -0.666667 0.176715 0.000000
vt -0.000000 0.141372 0.000000
vt -0.666667 0.141372 0.000000
vt -0.000000 0.106029 0.000000
vt -0.666667 0.106029 0.000000
vt -0.000000 0.070686 0.000000
vt -0.666667 0.070686 0.000000
vt -0.000000 0.035343 0.000000
vt -0.666667 0.035343 0.000000
vt -0.000000 0.000000 0.000000
vt -0.666667 0.000000 0.000000
vt -0.000000 -0.035343 0.000000
vt -0.666667 -0.035343 0.000000
vt -0.000000 -0.070686 0.000000
vt -0.666667 -0.070686 0.000000
vt -0.000000 -0.106029 0.000000
vt -0.666667 -0.106029 0.000000
vt -0.000000 -0.141372 0.000000
vt -0.666667 -0.141372 0.000000
vt -0.000000 -0.176715 0.000000
vt -0.666667 -0.176715 0.000000
vt -0.000000 -0.212058 0.000000
vt -0.666667 -0.212058 0.000000
vt -0.000000 -0.247400 0.000000
vt -0.666667 -0.247400 0.000000
vt -0.000000 -0.282743 0.000000
vt -0.666667 -0.282743 0.000000
vt -0.000000 -0.318086 0.000000
vt -0.666667 -0.318086 0.000000
vt -0.000000 -0.353429 0.000000
vt -0.666667 -0.353429 0.000000
vt -2.000000 -0.035343 0.000000
vt -1.333333 -0.035343 0.000000
vt -2.000000 0.000000 0.000000
vt -1.333333 0.000000 0.000000
vt -2.000000 0.035343 0.000000
vt -1.333333 0.035343 0.000000
vt -2.000000 0.070686 0.000000
vt -1.333333 0.070686 0.000000
vt -2.000000 0.106029 0.000000
vt -1.333333 0.106029 0.000000
vt -2.000000 0.141372 0.000000
vt -1.333333 0.141372 0.000000
vt -2.000000 0.176715 0.000000
vt -1.333333 0.176715 0.000000
vt -2.000000 0.212058 0.000000
vt -1.333333 0.212058 0.000000
vt -2.000000 0.247400 0.000000
vt -1.333333 0.247400 0.000000
vt -2.000000 0.282743 0.000000
vt -1.333333 0.282743 0.000000
vt -2.000000 0.318086 0.000000
vt -1.333333 0.318086 0.000000
vt -2.000000 0.353429 0.000000
vt -1.333333 0.353429 0.000000
vt -2.000000 0.388772 0.000000
vt -1.333333 0.388772 0.000000
vt -2.000000 0.424115 0.000000
vt -1.333333 0.424115 0.000000
vt -2.000000 -0.424115 0.000000
vt -1.333333 -0.424115 0.000000
vt -2.000000 -0.388772 0.000000
vt -1.333333 -0.388772 0.000000
vt -2.000000 -0.353429 0.000000
vt -1.333333 -0.353429 0.000000
vt -2.000000 -0.318086 0.000000
vt -1.333333 -0.318086 0.000000
vt -2.000000 -0.282743 0.000000
vt -1.333333 -0.282743 0.000000
vt -2.000000 -0.247400 0.000000
vt -1.333333 -0.247400 0.000000
vt -2.000000 -0.212058 0.000000
vt -1.333333 -0.212058 0.000000
vt -2.000000 -0.176715 0.000000
vt -1.333333 -0.176715 0.000000
vt -2.000000 -0.141372 0.000000
vt -1.333333 -0.141372 0.000000
vt -2.000000 -0.106029 0.000000
vt -1.333333 -0.106029 0.000000
vt -2.000000 -0.070686 0.000000
vt -1.333333 -0.070686 0.000000
vt -0.000000 -0.388772 0.000000
vt -0.666667 -0.388772 0.000000
vt -0.000000 -0.424115 0.000000
vt -0.666667 -0.424115 0.000000
vt -0.000000 0.424115 0.000000
vt -0.666667 0.424115 0.000000
vt -0.000000 0.388772 0.000000
vt -0.666667 0.388772 0.000000
vt -0.000000 0.353429 0.000000
vt -0.666667 0.353429 0.000000
vt -0.000000 0.318086 0.000000
vt -0.666667 0.318086 0.000000
vt -0.000000 0.282743 0.000000
vt -0.666667 0.282743 0.000000
vt -0.000000 0.247400 0.000000
vt -0.666667 0.247400 0.000000
vt -0.000000 0.212058 0.000000
vt -0.666667 0.212058 0.000000
vt -0.000000 0.176715 0.000000
vt -0.666667 0.176715 0.000000
vt -0.000000 0.141372 0.000000
vt -0.666667 0.141372 0.000000
vt -0.000000 0.106029 0.000000
vt -0.666667 0.106029 0.000000
vt -0.000000 0.070686 0.000000
vt -0.666667 0.070686 0.000000
vt -0.000000 0.035343 0.000000
vt -0.666667 0.035343 0.000000
vt -0.000000 0.000000 0.000000
vt -0.666667 0.000000 0.000000
vt -0.000000 -0.035343 0.000000
vt -0.666667 -0.035343 0.000000
vt -0.000000 -0.070686 0.000000
vt -0.666667 -0.070686 0.000000
vt -0.000000 -0.106029 0.000000
vt -0.666667 -0.106029 0.000000
vt -0.000000 -0.141372 0.000000
vt -0.666667 -0.141372 0.000000
vt -0.000000 -0.176715 0.000000
vt -0.666667 -0.176715 0.000000
vt -0.000000 -0.212058 0.000000
vt -0.666667 -0.212058 0.000000
vt -0.000000 -0.247400 0.000000
vt -0.666667 -0.247400 0.000000
vt -0.000000 -0.282743 0.000000
vt -0.666667 -0.282743 0.000000
vt -0.000000 -0.318086 0.000000
vt -0.666667 -0.318086 0.000000
vt -0.000000 -0.353429 0.000000
vt -0.666667 -0.353429 0.000000
vt -2.000000 -0.035343 0.000000
vt -1.333333 -0.035343 0.000000
vt -2.000000 0.000000 0.000000
vt -1.333333 0.000000 0.000000
vt -2.000000 0.035343 0.000000
vt -1.333333 0.035343 0.000000
vt -2.000000 0.070686 0.000000
vt -1.333333 0.070686 0.000000
vt -2.000000 0.106029 0.000000
vt -1.333333 0.106029 0.000000
vt -2.000000 0.141372 0.000000
vt -1.333333 0.141372 0.000000
vt -2.000000 0.176715 0.000000
vt -1.333333 0.176715 0.000000
vt -2.000000 0.212058 0.000000
vt -1.333333 0.212058 0.000000
vt -2.000000 0.247400 0.000000
vt -1.333333 0.247400 0.000000
vt -2.000000 0.282743 0.000000
vt -1.333333 0.282743 0.000000
vt -2.000000 0.318086 0.000000
vt -1.333333 0.318086 0.000000
vt -2.000000 0.353429 0.000000
vt -1.333333 0.353429 0.000000
vt -2.000000 0.388772 0.000000
vt -1.333333 0.388772 0.000000
vt -2.000000 0.424115 0.000000
vt -1.333333 0.424115 0.000000
vt -2.000000 -0.424115 0.000000
vt -1.333333 -0.424115 0.000000
vt -2.000000 -0.388772 0.000000
vt -1.333333 -0.388772 0.000000
vt -2.000000 -0.353429 0.000000
vt -1.333333 -0.353429 0.000000
vt -2.000000 -0.318086 0.000000
vt -1.333333 -0.318086 0.000000
vt -2.000000 -0.282743 0.000000
vt -1.333333 -0.282743 0.000000
vt -2.000000 -0.247400 0.000000
vt -1.333333 -0.247400 0.000000
vt -2.000000 -0.212058 0.000000
vt -1.333333 -0.212058 0.000000
vt -2.000000 -0.176715 0.000000
vt -1.333333 -0.176715 0.000000
vt -2.000000 -0.141372 0.000000
vt -1.333333 -0.141372 0.000000
vt -2.000000 -0.106029 0.000000
vt -1.333333 -0.106029 0.000000
vt -2.000000 -0.070686 0.000000
vt -1.333333 -0.070686 0.000000
vt -0.000000 -0.388772 0.000000
vt -0.666667 -0.388772 0.000000
vt -0.000000 -0.424115 0.000000
vt -0.666667 -0.424115 0.000000
vt -0.000000 0.424115 0.000000
vt -0.666667 0.424115 0.000000
vt -0.000000 0.388772 0.000000
vt -0.666667 0.388772 0.000000
vt -0.000000 0.353429 0.000000
vt -0.666667 0.353429 0.000000
vt -0.000000 0.318086 0.000000
vt -0.666667 0.318086 0.000000
vt -0.000000 0.282743 0.000000
vt -0.666667 0.282743 0.000000
vt -0.000000 0.247400 0.000000
vt -0.666667 0.247400 0.000000
vt -0.000000 0.212058 0.000000
vt -0.666667 0.212058 0.000000
vt -0.000000 0.176715 0.000000
vt -0.666667 0.176715 0.000000
vt -0.000000 0.141372 0.000000
vt -0.666667 0.141372 0.000000
vt -0.000000 0.106029 0.000000
vt -0.666667 0.106029 0.000000
vt -0.000000 0.070686 0.000000
vt -0.666667 0.070686 0.000000
vt -0.000000 0.035343 0.000000
vt -0.666667 0.035343 0.000000
vt -0.000000 0.000000 0.000000
vt -0.666667 0.000000 0.000000
vt -0.000000 -0.035343 0.000000
vt -0.666667 -0.035343 0.000000
vt -0.000000 -0.070686 0.000000
vt -0.666667 -0.070686 0.000000
vt -0.000000 -0.106029 0.000000
vt -0.666667 -0.106029 0.000000
vt -0.000000 -0.141372 0.000000
vt -0.666667 -0.141372 0.000000
vt -0.000000 -0.176715 0.000000
vt -0.666667 -0.176715 0.000000
vt -0.000000 -0.212058 0.000000
vt -0.666667 -0.212058 0.000000
vt -0.000000 -0.247400 0.000000
vt -0.666667 -0.247400 0.000000
vt -0.000000 -0.282743 0.000000
vt -0.666667 -0.282743 0.000000
vt -0.000000 -0.318086 0.000000
vt -0.666667 -0.318086 0.000000
vt -0.000000 -0.353429 0.000000
vt -0.666667 -0.353429 0.000000
vt -2.000000 -0.035343 0.000000
vt -1.333333 -0.035343 0.000000
vt -2.000000 0.000000 0.000000
vt -1.333333 0.000000 0.000000
vt -2.000000 0.035343 0.000000
vt -1.333333 0.035343 0.000000
vt -2.000000 0.070686 0.000000
vt -1.333333 0.070686 0.000000
vt -2.000000 0.106029 0.000000
vt -1.333333 0.106029 0.000000
vt -2.000000 0.141372 0.000000
vt -1.333333 0.141372 0.000000
vt -2.000000 0.176715 0.000000
vt -1.333333 0.176715 0.000000
vt -2.000000 0.212058 0.000000
vt -1.333333 0.212058 0.000000
vt -2.000000 0.247400 0.000000
vt -1.333333 0.247400 0.000000
vt -2.000000 0.282743 0.000000
vt -1.333333 0.282743 0.000000
vt -2.000000 0.318086 0.000000
vt -1.333333 0.318086 0.000000
vt -2.000000 0.353429 0.000000
vt -1.333333 0.353429 0.000000
vt -2.000000 0.388772 0.000000
vt -1.333333 0.388772 0.000000
vt -2.000000 0.424115 0.000000
vt -1.333333 0.424115 0.000000
vt -2.000000 -0.424115 0.000000
vt -1.333333 -0.424115 0.000000
vt -2.000000 -0.388772 0.000000
vt -1.333333 -0.388772 0.000000
vt -2.000000 -0.353429 0.000000
vt -1.333333 -0.353429 0.000000
vt -2.000000 -0.318086 0.000000
vt -1.333333 -0.318086 0.000000
vt -2.000000 -0.282743 0.000000
vt -1.333333 -0.282743 0.000000
vt -2.000000 -0.247400 0.000000
vt -1.333333 -0.247400 0.000000
vt -2.000000 -0.212058 0.000000
vt -1.333333 -0.212058 0.000000
vt -2.000000 -0.176715 0.000000
vt -1.333333 -0.176715 0.000000
vt -2.000000 -0.141372 0.000000
vt -1.333333 -0.141372 0.000000
vt -2.000000 -0.106029 0.000000
vt -1.333333 -0.106029 0.000000
vt -2.000000 -0.070686 0.000000
vt -1.333333 -0.070686 0.000000
vt -0.000000 -0.388772 0.000000
vt -0.666667 -0.388772 0.000000
vt -0.000000 -0.424115 0.000000
vt -0.666667 -0.424115 0.000000
vt -0.000000 0.424115 0.000000
vt -0.666667 0.424115 0.000000
vt -0.000000 0.388772 0.000000
vt -0.666667 0.388772 0.000000
vt -0.000000 0.353429 0.000000
vt -0.666667 0.353429 0.000000
vt -0.000000 0.318086 0.000000
vt -0.666667 0.318086 0.000000
vt -0.000000 0.282743 0.000000
vt -0.666667 0.282743 0.000000
vt -0.000000 0.247400 0.000000
vt -0.666667 0.247400 0.000000
vt -0.000000 0.212058 0.000000
vt -0.666667 0.212058 0.000000
vt -0.000000 0.176715 0.000000
vt -0.666667 0.176715 0.000000
vt -0.000000 0.141372 0.000000
vt -0.666667 0.141372 0.000000
vt -0.000000 0.106029 0.000000
vt -0.666667 0.106029 0.000000
vt -0.000000 0.070686 0.000000
vt -0.666667 0.070686 0.000000
vt -0.000000 0.035343 0.000000
vt -0.666667 0.035343 0.000000
vt -0.000000 0.000000 0.000000
vt -0.666667 0.000000 0.000000
vt -0.000000 -0.035343 0.000000
vt -0.666667 -0.035343 0.000000
vt -0.000000 -0.070686 0.000000
vt -0.666667 -0.070686 0.000000
vt -0.000000 -0.106029 0.000000
vt -0.666667 -0.106029 0.000000
vt -0.000000 -0.141372 0.000000
vt -0.666667 -0.141372 0.000000
vt -0.000000 -0.176715 0.000000
vt -0.666667 -0.176715 0.000000
vt -0.000000 -0.212058 0.000000
vt -0.666667 -0.212058 0.000000
vt -0.000000 -0.247400 0.000000
vt -0.666667 -0.247400 0.000000
vt -0.000000 -0.282743 0.000000
vt -0.666667 -0.282743 0.000000
vt -0.000000 -0.318086 0.000000
vt -0.666667 -0.318086 0.000000
vt -0.000000 -0.353429 0.000000
vt -0.666667 -0.353429 0.000000
vt -2.000000 -0.035343 0.000000
vt -1.333333 -0.035343 0.000000
vt -2.000000 0.000000 0.000000
vt -1.333333 0.000000 0.000000
vt -2.000000 0.035343 0.000000
vt -1.333333 0.035343 0.000000
vt -2.000000 0.070686 0.000000
vt -1.333333 0.070686 0.000000
vt -2.000000 0.106029 0.000000
vt -1.333333 0.106029 0.000000
vt -2.000000 0.141372 0.000000
vt -1.333333 0.141372 0.000000
vt -2.000000 0.176715 0.000000
vt -1.333333 0.176715 0.000000
vt -2.000000 0.212058 0.000000
vt -1.333333 0.212058 0.000000
vt -2.000000 0.247400 0.000000
vt -1.333333 0.247400 0.000000
vt -2.000000 0.282743 0.000000
vt -1.333333 0.282743 0.000000
vt -2.000000 0.318086 0.000000
vt -1.333333 0.318086 0.000000
vt -2.000000 0.353429 0.000000
vt -1.333333 0.353429 0.000000
vt -2.000000 0.388772 0.000000
vt -1.333333 0.388772 0.000000
vt -2.000000 0.424115 0.000000
vt -1.333333 0.424115 0.000000
vt -2.000000 -0.424115 0.000000
vt -1.333333 -0.424115 0.000000
vt -2.000000 -0.388772 0.000000
vt -1.333333 -0.388772 0.000000
vt -2.000000 -0.353429 0.000000
vt -1.333333 -0.353429 0.000000
vt -2.000000 -0.318086 0.000000
vt -1.333333 -0.318086 0.000000
vt -2.000000 -0.282743 0.000000
vt -1.333333 -0.282743 0.000000
vt -2.000000 -0.247400 0.000000
vt -1.333333 -0.247400 0.000000
vt -2.000000 -0.212058 0.000000
vt -1.333333 -0.212058 0.000000
vt -2.000000 -0.176715 0.000000
vt -1.333333 -0.176715 0.000000
vt -2.000000 -0.141372 0.000000
vt -1.333333 -0.141372 0.000000
vt -2.000000 -0.106029 0.000000
vt -1.333333 -0.106029 0.000000
vt -2.000000 -0.070686 0.000000
vt -1.333333 -0.070686 0.000000
vt -0.000000 -0.388772 0.000000
vt -0.666667 -0.388772 0.000000
vt -0.000000 -0.424115 0.000000
vt -0.666667 -0.424115 0.000000
vt -0.000000 0.424115 0.000000
vt -0.666667 0.424115 0.000000
vt -0.000000 0.388772 0.000000
vt -0.666667 0.388772 0.000000
vt -0.000000 0.353429 0.000000
vt -0.666667 0.353429 0.000000
vt -0.000000 0.318086 0.000000
vt -0.666667 0.318086 0.000000
vt -0.000000 0.282743 0.000000
vt -0.666667 0.282743 0.000000
vt -0.000000 0.247400 0.000000
vt -0.666667 0.247400 0.000000
vt -0.000000 0.212058 0.000000
vt -0.666667 0.212058 0.000000
vt -0.000000 0.176715 0.000000
vt -0.666667 0.176715 0.000000
vt -0.000000 0.141372 0.000000
vt -0.666667 0.141372 0.000000
vt -0.000000 0.106029 0.000000
vt -0.666667 0.106029 0.000000
vt -0.000000 0.070686 0.000000
vt -0.666667 0.070686 0.000000
vt -0.000000 0.035343 0.000000
vt -0.666667 0.035343 0.000000
vt -0.000000 0.000000 0.000000
vt -0.666667 0.000000 0.000000
vt -0.000000 -0.035343 0.000000
vt -0.666667 -0.035343 0.000000
vt -0.000000 -0.070686 0.000000
vt -0.666667 -0.070686 0.000000
vt -0.000000 -0.106029 0.000000
vt -0.666667 -0.106029 0.000000
vt -0.000000 -0.141372 0.000000
vt -0.666667 -0.141372 0.000000
vt -0.000000 -0.176715 0.000000
vt -0.666667 -0.176715 0.000000
vt -0.000000 -0.212058 0.000000
vt -0.666667 -0.212058 0.000000
vt -0.000000 -0.247400 0.000000
vt -0.666667 -0.247400 0.000000
vt -0.000000 -0.282743 0.000000
vt -0.666667 -0.282743 0.000000
vt -0.000000 -0.318086 0.000000
vt -0.666667 -0.318086 0.000000
vt -0.000000 -0.353429 0.000000
vt -0.666667 -0.353429 0.000000
vt -2.000000 -0.035343 0.000000
vt -1.333333 -0.035343 0.000000
vt -2.000000 0.000000 0.000000
vt -1.333333 0.000000 0.000000
vt -2.000000 0.035343 0.000000
vt -1.333333 0.035343 0.000000
vt -2.000000 0.070686 0.000000
vt -1.333333 0.070686 0.000000
vt -2.000000 0.106029 0.000000
vt -1.333333 0.106029 0.000000
vt -2.000000 0.141372 0.000000
vt -1.333333 0.141372 0.000000
vt -2.000000 0.176715 0.000000
vt -1.333333 0.176715 0.000000
vt -2.000000 0.212058 0.000000
vt -1.333333 0.212058 0.000000
vt -2.000000 0.247400 0.000000
vt -1.333333 0.247400 0.000000
vt -2.000000 0.282743 0.000000
vt -1.333333 0.282743 0.000000
vt -2.000000 0.318086 0.000000
vt -1.333333 0.318086 0.000000
vt -2.000000 0.353429 0.000000
vt -1.333333 0.353429 0.000000
vt -2.000000 0.388772 0.000000
vt -1.333333 0.388772 0.000000
vt -2.000000 0.424115 0.000000
vt -1.333333 0.424115 0.000000
vt -2.000000 -0.424115 0.000000
vt -1.333333 -0.424115 0.000000
vt -2.000000 -0.388772 0.000000
vt -1.333333 -0.388772 0.000000
vt -2.000000 -0.353429 0.000000
vt -1.333333 -0.353429 0.000000
vt -2.000000 -0.318086 0.000000
vt -1.333333 -0.318086 0.000000
vt -2.000000 -0.282743 0.000000
vt -1.333333 -0.282743 0.000000
vt -2.000000 -0.247400 0.000000
vt -1.333333 -0.247400 0.000000
vt -2.000000 -0.212058 0.000000
vt -1.333333 -0.212058 0.000000
vt -2.000000 -0.176715 0.000000
vt -1.333333 -0.176715 0.000000
vt -2.000000 -0.141372 0.000000
vt -1.333333 -0.141372 0.000000
vt -2.000000 -0.106029 0.000000
vt -1.333333 -0.106029 0.000000
vt -2.000000 -0.070686 0.000000
vt -1.333333 -0.070686 0.000000
vt -0.000000 -0.388772 0.000000
vt -0.666667 -0.388772 0.000000
vt -0.000000 -0.424115 0.000000
vt -0.666667 -0.424115 0.000000
vt -0.000000 0.424115 0.000000
vt -0.666667 0.424115 0.000000
vt -0.000000 0.388772 0.000000
vt -0.666667 0.388772 0.000000
vt -0.000000 0.353429 0.000000
vt -0.666667 0.353429 0.000000
vt -0.000000 0.318086 0.000000
vt -0.666667 0.318086 0.000000
vt -0.000000 0.282743 0.000000
vt -0.666667 0.282743 0.000000
vt -0.000000 0.247400 0.000000
vt -0.666667 0.247400 0.000000
vt -0.000000 0.212058 0.000000
vt -0.666667 0.212058 0.000000
vt -0.000000 0.176715 0.000000
vt -0.666667 0.176715 0.000000
vt -0.000000 0.141372 0.000000
vt -0.666667 0.141372 0.000000
vt -0.000000 0.106029 0.000000
vt -0.666667 0.106029 0.000000
vt -0.000000 0.070686 0.000000
vt -0.666667 0.070686 0.000000
vt -0.000000 0.035343 0.000000
vt -0.666667 0.035343 0.000000
vt -0.000000 0.000000 0.000000
vt -0.666667 0.000000 0.000000
vt -0.000000 -0.035343 0.000000
vt -0.666667 -0.035343 0.000000
vt -0.000000 -0.070686 0.000000
vt -0.666667 -0.070686 0.000000
vt -0.000000 -0.106029 0.000000
vt -0.666667 -0.106029 0.000000
vt -0.000000 -0.141372 0.000000
vt -0.666667 -0.141372 0.000000
vt -0.000000 -0.176715 0.000000
vt -0.666667 -0.176715 0.000000
vt -0.000000 -0.212058 0.000000
vt -0.666667 -0.212058 0.000000
vt -0.000000 -0.247400 0.000000
vt -0.666667 -0.247400 0.000000
vt -0.000000 -0.282743 0.000000
vt -0.666667 -0.282743 0.000000
vt -0.000000 -0.318086 0.000000
vt -0.666667 -0.318086 0.000000
vt -0.000000 -0.353429 0.000000
vt -0.666667 -0.353429 0.000000
vt 1.180000 0.000000 0.000000
vt 0.000000 0.400000 0.000000
vt 1.180000 -0.320000 0.000000
vt -0.000000 -2.000000 0.000000
vt 2.080000 -0.320000 0.000000
vt 6.499926 -2.000000 0.000000
vt 6.499926 0.000000 0.000000
vt 2.080000 0.000000 0.000000
vt 6.500000 0.400000 0.000000
vt 6.500000 0.000000 0.000000
vt 10.461976 0.400000 0.000000
vt 0.000000 0.400000 0.000000
vt 10.461976 -2.000000 0.000000
vt -0.000000 -2.000000 0.000000
vt 3.250000 5.230988 0.000000
vt -3.250000 5.230988 0.000000
vt 3.250000 -5.230988 0.000000
vt -3.250000 -5.230988 0.000000
vn -0.000000 -0.000000 1.000000
vn -0.000000 -0.000000 1.000000
vn -0.000000 -0.000000 1.000000
vn -0.000000 -0.000000 1.000000
vn -1.000000 -0.000000 -0.000000
vn -1.000000 -0.000000 -0.000000
vn -1.000000 -0.000000 -0.000000
vn -1.000000 -0.000000 -0.000000
vn 1.000000 -0.000000 -0.000000
vn 1.000000 -0.000000 -0.000000
vn 1.000000 -0.000000 -0.000000
vn 1.000000 -0.000000 -0.000000
vn 0.000000 1.000000 0.000000
vn 0.000000 1.000000 0.000000
vn 0.000000 1.000000 0.000000
vn 0.000000 1.000000 0.000000
vn 0.000000 1.000000 0.000000
vn 0.000000 1.000000 0.000000
vn 0.000000 1.000000 0.000000
vn 0.000000 1.000000 0.000000
vn -0.000000 -0.000000 1.000000
vn -0.000000 -0.000000 1.000000
vn -0.000000 -0.000000 1.000000
vn -0.000000 -0.000000 1.000000
vn 0.000000 0.000000 1.000000
vn 0.000000 0.000000 1.000000
vn 0.000000 0.000000 1.000000
vn 0.000000 0.000000 1.000000
vn 0.000000 0.000000 1.000000
vn 0.000000 0.000000 1.000000
vn 0.000000 0.000000 1.000000
vn 0.000000 0.000000 1.000000
vn 0.000000 0.000000 1.000000
vn 0.000000 0.000000 1.000000
vn 0.000000 0.000000 1.000000
vn 0.000000 0.000000 1.000000
vn 0.000000 0.000000 1.000000
vn 0.000000 0.000000 1.000000
vn 0.000000 0.000000 1.000000
vn 0.000000 0.000000 1.000000
vn 0.000000 0.000000 1.000000
vn 0.000000 0.000000 1.000000
vn 0.000000 0.000000 1.000000
vn 0.000000 0.000000 1.000000
vn 0.000000 0.000000 1.000000
vn 0.000000 0.000000 1.000000
vn 0.000000 1.000000 0.000000
vn 0.000000 1.000000 0.000000
vn 0.000000 1.000000 0.000000
vn 0.000000 1.000000 0.000000
vn 0.000000 1.000000 0.000000
vn 0.000000 1.000000 0.000000
vn 1.000000 -0.000000 -0.000000
vn 1.000000 -0.000000 -0.000000
vn 1.000000 -0.000000 -0.000000
vn 1.000000 -0.000000 -0.000000
vn 1.000000 -0.000000 -0.000000
vn 1.000000 -0.000000 -0.000000
vn -0.000000 -0.000000 -1.000000
vn -0.000000 -0.000000 -1.000000
vn -0.000000 -0.000000 -1.000000
vn -0.000000 -0.000000 -1.000000
vn -1.000000 -0.000000 0.000000
vn -1.000000 -0.000000 0.000000
vn -1.000000 -0.000000 0.000000
vn -1.000000 -0.000000 0.000000
vn -1.000000 -0.000000 0.000000
vn -1.000000 -0.000000 0.000000
vn 0.000000 1.000000 0.000000
vn 0.000000 1.000000 0.000000
vn 0.000000 1.000000 0.000000
vn 0.000000 1.000000 0.000000
vn 0.000000 1.000000 0.000000
vn 0.000000 1.000000 0.000000
vn 1.000000 -0.000000 0.000000
vn 1.000000 0.000000 -0.000000
vn 0.967348 0.053685 -0.247701
vn 0.965926 0.114059 -0.232331
vn 0.901692 0.093756 -0.422091
vn 0.866025 0.220345 -0.448829
vn 0.808883 0.131926 -0.572978
vn 0.707107 0.311615 -0.634741
vn 0.696448 0.167774 -0.697719
vn 0.570721 0.200796 -0.796215
vn 0.500000 0.381649 -0.777395
vn 0.294947 0.256503 -0.920441
vn 0.258819 0.425675 -0.867072
vn 0.004378 0.293786 -0.955861
vn 0.000000 0.294170 -0.955753
vn 0.000000 0.510966 -0.859601
vn 0.258819 0.625277 -0.736235
vn 0.000000 0.699023 -0.715100
vn 0.258819 0.786707 -0.560451
vn 0.000000 0.847762 -0.530377
vn 0.258819 0.900109 -0.350452
vn 0.000000 0.948818 -0.315823
vn 0.258819 0.958560 -0.119058
vn 0.000000 0.996507 -0.083505
vn 0.258819 0.958492 0.119604
vn 0.000000 0.988147 0.153510
vn 0.258819 0.899909 0.350965
vn 0.000000 0.924208 0.381891
vn 0.258819 0.786387 0.560899
vn 0.000000 0.808285 0.588791
vn 0.238097 0.630725 0.738577
vn 0.000000 0.646900 0.762575
vn 0.118887 0.642979 0.756600
vn 1.000000 0.000000 -0.000000
vn 0.965926 0.167542 -0.197273
vn 0.866025 0.323667 -0.381103
vn 0.866025 0.407229 -0.290111
vn 0.707107 0.575909 -0.410278
vn 0.707107 0.658926 -0.256548
vn 0.500000 0.807016 -0.314206
vn 0.500000 0.859422 -0.106744
vn 1.000000 0.000000 -0.000000
vn 0.965926 0.210798 -0.150172
vn 0.866025 0.465931 -0.181407
vn 0.707107 0.701715 -0.087156
vn 0.500000 0.859361 0.107234
vn 1.000000 0.000000 -0.000000
vn 0.965926 0.241184 -0.093903
vn 0.866025 0.496187 -0.061629
vn 0.707107 0.701665 0.087556
vn 0.500000 0.806837 0.314666
vn 1.000000 0.000000 -0.000000
vn 0.965926 0.256845 -0.031901
vn 0.866025 0.496152 0.061912
vn 0.707107 0.658779 0.256924
vn 0.500000 0.705056 0.502888
vn 0.445470 0.587075 0.675943
vn 0.345472 0.611960 0.711445
vn 1.000000 -0.000000 -0.000000
vn 0.965926 0.256827 0.032048
vn 0.866025 0.465827 0.181673
vn 0.707107 0.575676 0.410606
vn 1.000000 0.000000 0.000000
vn 0.965926 0.241130 0.094041
vn 0.866025 0.407064 0.290343
vn 0.866626 0.342180 0.363141
vn 0.758795 0.439513 0.480685
vn 1.000000 -0.000000 -0.000000
vn 0.965926 0.210712 0.150292
vn 1.000000 0.000000 0.000000
vn 0.939214 0.239101 0.246389
vn 0.622803 0.520083 0.584491
vn 0.707107 0.457735 -0.538961
vn 0.500000 0.560608 -0.660090
vn 0.500000 0.705342 -0.502486
vn 0.000000 0.294170 -0.955753
vn 0.000000 0.298165 -0.954514
vn 0.000000 0.525267 -0.850938
vn 0.000000 0.552094 -0.833782
vn 0.000000 0.722541 -0.691328
vn 0.000000 0.771168 -0.636631
vn 0.000000 0.873289 -0.487203
vn 0.000000 0.861507 -0.507746
vn 0.000000 0.933901 -0.357532
vn 0.000000 0.967804 -0.251705
vn 0.000000 0.982350 -0.187054
vn 0.000000 1.000000 -0.000000
vn 0.000000 1.000000 -0.000000
vn -1.000000 -0.000000 -0.000000
vn -1.000000 -0.000000 -0.000000
vn -1.000000 -0.000000 -0.000000
vn -1.000000 -0.000000 -0.000000
vn -1.000000 -0.000000 -0.000000
vn -1.000000 -0.000000 -0.000000
vn -1.000000 -0.000000 -0.000000
vn -1.000000 -0.000000 -0.000000
vn -1.000000 -0.000000 -0.000000
vn -1.000000 -0.000000 -0.000000
vn -1.000000 -0.000000 -0.000000
vn -1.000000 -0.000000 -0.000000
vn -1.000000 -0.000000 -0.000000
vn -1.000000 -0.000000 -0.000000
vn -1.000000 -0.000000 -0.000000
vn -1.000000 -0.000000 -0.000000
vn -1.000000 -0.000000 -0.000000
vn -1.000000 -0.000000 -0.000000
vn -1.000000 -0.000000 -0.000000
vn -1.000000 -0.000000 -0.000000
vn -1.000000 -0.000000 -0.000000
vn -1.000000 -0.000000 -0.000000
vn -1.000000 -0.000000 -0.000000
vn -1.000000 -0.000000 -0.000000
vn -1.000000 -0.000000 -0.000000
vn -1.000000 -0.000000 -0.000000
vn -1.000000 -0.000000 -0.000000
vn 0.000000 0.525267 -0.850938
vn 0.000000 0.722541 -0.691328
vn 0.000000 0.873289 -0.487203
vn 0.000000 0.967804 -0.251705
vn -0.000000 1.000000 0.000000
vn -0.000000 0.967804 0.251705
vn -0.000000 0.873289 0.487203
vn -0.000000 0.722541 0.691328
vn -0.000000 0.525267 0.850938
vn -0.000000 0.545185 0.838316
vn -0.000000 0.322210 0.946668
vn -0.000000 0.646900 0.762575
vn -0.000000 0.734654 0.678442
vn -0.000000 0.808285 0.588791
vn -0.000000 0.878972 0.476872
vn -0.000000 0.924208 0.381891
vn -0.000000 0.969271 0.245995
vn -0.000000 0.988147 0.153510
vn -0.000000 1.000000 0.000000
vn 0.000000 0.996507 -0.083505
vn 0.000000 0.969271 -0.245995
vn 0.000000 0.948818 -0.315823
vn 0.000000 0.878972 -0.476872
vn 0.000000 0.847762 -0.530377
vn 0.000000 0.734654 -0.678442
vn 0.000000 0.699023 -0.715100
vn 0.000000 0.545185 -0.838316
vn 0.000000 0.510966 -0.859601
vn 0.000000 0.322210 -0.946668
vn 0.000000 0.294170 -0.955753
vn 0.000000 0.308287 -0.951293
vn 0.000000 0.294170 -0.955753
vn -0.000000 0.294170 0.955753
vn -0.000000 0.308287 0.951293
vn -0.000000 0.294170 0.955753
vn 0.000000 1.000000 -0.000000
vn 0.000000 1.000000 -0.000000
vn 0.000000 0.982350 -0.187054
vn 0.000000 0.967804 -0.251705
vn 0.000000 0.933901 -0.357532
vn 0.000000 0.873289 -0.487203
vn 0.000000 0.861507 -0.507747
vn 0.000000 0.771168 -0.636631
vn 0.000000 0.722541 -0.691328
vn 0.000000 0.552094 -0.833782
vn 0.000000 0.525267 -0.850938
vn 0.000000 0.298165 -0.954514
vn 0.000000 0.441808 -0.897110
vn 0.000000 0.949846 -0.312717
vn 0.000000 0.804416 -0.594067
vn 0.000000 0.700191 -0.713955
vn 0.000000 0.578296 -0.815827
vn -0.000000 1.000000 -0.000000
vn -0.000000 0.967804 0.251705
vn -0.000000 1.000000 -0.000000
vn -0.000000 0.967804 0.251705
vn -0.000000 0.967804 0.251705
vn -0.000000 0.873289 0.487203
vn -0.000000 0.873289 0.487203
vn -0.000000 0.722541 0.691328
vn -0.000000 0.804416 0.594067
vn -0.000000 0.700191 0.713955
vn -0.000000 0.578296 0.815827
vn -0.000000 0.525267 0.850938
vn -0.000000 0.441808 0.897110
vn -0.000000 0.525267 0.850938
vn -0.000000 0.525267 0.850938
vn -0.000000 0.722541 0.691328
vn -0.000000 0.722541 0.691328
vn -0.000000 0.873289 0.487203
vn -0.000000 0.873289 0.487203
vn -0.000000 0.967804 0.251705
vn -0.000000 0.967804 0.251705
vn -0.000000 0.967804 0.251705
vn -0.000000 0.967804 0.251705
vn -0.000000 0.873289 0.487203
vn -0.000000 0.873289 0.487203
vn -0.000000 0.722541 0.691328
vn -0.000000 0.722541 0.691328
vn -0.000000 0.525267 0.850938
vn -0.000000 0.525267 0.850938
vn -0.000000 0.525267 0.850938
vn -0.000000 0.525267 0.850938
vn -0.000000 0.525267 0.850938
vn -0.000000 0.722541 0.691328
vn -0.000000 0.949846 0.312717
vn -0.000000 0.967804 0.251705
vn -0.000000 0.873289 0.487203
vn -0.000000 0.873289 0.487203
vn -0.000000 0.722541 0.691328
vn -0.000000 0.722541 0.691328
vn -0.258819 0.965926 -0.000000
vn -0.258819 0.965926 -0.000000
vn -0.312717 0.949846 -0.000000
vn -0.500000 0.866025 -0.000000
vn -0.594067 0.804416 -0.000000
vn -0.707107 0.707107 -0.000000
vn -0.713955 0.700191 -0.000000
vn -0.815827 0.578296 -0.000000
vn -0.866025 0.500000 -0.000000
vn -0.897110 0.441808 -0.000000
vn -0.965926 0.258819 -0.000000
vn -0.955753 0.294170 -0.000000
vn -0.989267 0.146116 -0.000000
vn -1.000000 -0.000000 0.000000
vn -0.965926 0.258819 -0.000000
vn -0.989267 0.146116 -0.000000
vn -0.965926 0.258819 -0.000000
vn -0.955753 0.294170 -0.000000
vn -0.897110 0.441808 -0.000000
vn -0.866025 0.500000 -0.000000
vn -0.815827 0.578296 -0.000000
vn -0.707107 0.707107 -0.000000
vn -0.713955 0.700191 -0.000000
vn -0.594067 0.804416 -0.000000
vn -0.500000 0.866025 -0.000000
vn -0.312717 0.949846 -0.000000
vn -0.258819 0.965926 -0.000000
vn -1.000000 -0.000000 0.000000
vn -0.500000 0.866025 -0.000000
vn -0.707107 0.707107 -0.000000
vn -0.866025 0.500000 -0.000000
vn -0.004378 0.293786 -0.955861
vn -0.258819 0.425675 -0.867072
vn -0.258819 0.625277 -0.736235
vn -0.258819 0.786707 -0.560451
vn -0.258819 0.900109 -0.350452
vn -0.258819 0.958560 -0.119058
vn -0.258819 0.958492 0.119604
vn -0.258819 0.899909 0.350965
vn -0.258819 0.786387 0.560899
vn -0.345472 0.611960 0.711445
vn -0.238097 0.630725 0.738577
vn -0.118887 0.642979 0.756600
vn -0.445470 0.587075 0.675943
vn -0.622803 0.520083 0.584491
vn -0.500000 0.705056 0.502888
vn -0.758795 0.439513 0.480685
vn -0.707107 0.575676 0.410606
vn -0.866626 0.342180 0.363141
vn -0.866025 0.407064 0.290343
vn -0.939214 0.239101 0.246389
vn -0.965926 0.210712 0.150292
vn -1.000000 0.000000 0.000000
vn -1.000000 -0.000000 -0.000000
vn -0.965926 0.241130 0.094041
vn -1.000000 0.000000 0.000000
vn -0.965926 0.256827 0.032048
vn -1.000000 -0.000000 -0.000000
vn -0.965926 0.256845 -0.031901
vn -1.000000 0.000000 -0.000000
vn -0.965926 0.241184 -0.093903
vn -1.000000 0.000000 -0.000000
vn -0.965926 0.210798 -0.150172
vn -1.000000 0.000000 -0.000000
vn -0.965926 0.167542 -0.197273
vn -1.000000 0.000000 -0.000000
vn -0.965926 0.114059 -0.232331
vn -1.000000 0.000000 -0.000000
vn -0.967348 0.053685 -0.247701
vn -1.000000 -0.000000 0.000000
vn -0.901692 0.093756 -0.422091
vn -0.808883 0.131926 -0.572978
vn -0.866025 0.220345 -0.448829
vn -0.696448 0.167774 -0.697719
vn -0.707107 0.311615 -0.634741
vn -0.294947 0.256503 -0.920441
vn -0.500000 0.381649 -0.777395
vn -0.570721 0.200796 -0.796215
vn -0.500000 0.560608 -0.660090
vn -0.500000 0.705342 -0.502486
vn -0.500000 0.807016 -0.314206
vn -0.500000 0.859422 -0.106744
vn -0.500000 0.859361 0.107234
vn -0.500000 0.806837 0.314666
vn -0.707107 0.457735 -0.538961
vn -0.707107 0.575909 -0.410278
vn -0.707107 0.658926 -0.256548
vn -0.707107 0.701715 -0.087156
vn -0.707107 0.701665 0.087556
vn -0.707107 0.658779 0.256924
vn -0.866025 0.323667 -0.381103
vn -0.866025 0.407229 -0.290111
vn -0.866025 0.465931 -0.181407
vn -0.866025 0.496187 -0.061629
vn -0.866025 0.496152 0.061912
vn -0.866025 0.465827 0.181673
vn 0.000000 1.000000 0.000000
vn 0.000000 1.000000 0.000000
vn 0.000000 1.000000 0.000000
vn 0.000000 1.000000 0.000000
vn 0.000000 1.000000 0.000000
vn 0.000000 1.000000 0.000000
vn 0.000000 1.000000 0.000000
vn 0.000000 1.000000 0.000000
vn 0.000000 1.000000 0.000000
vn 0.000000 1.000000 0.000000
vn 0.000000 1.000000 0.000000
vn 0.000000 1.000000 0.000000
vn 0.000000 1.000000 0.000000
vn 0.000000 1.000000 0.000000
vn 0.000000 1.000000 0.000000
vn 0.000000 1.000000 0.000000
vn 0.000000 1.000000 0.000000
vn 0.000000 1.000000 0.000000
vn 0.000000 1.000000 0.000000
vn 0.000000 1.000000 0.000000
vn 0.000000 1.000000 0.000000
vn 0.000000 1.000000 0.000000
vn 0.000000 1.000000 0.000000
vn 0.000000 1.000000 0.000000
vn 0.000000 1.000000 0.000000
vn 0.000000 1.000000 0.000000
vn 0.000000 1.000000 0.000000
vn 0.000000 1.000000 0.000000
vn 0.000000 1.000000 0.000000
vn 0.000000 1.000000 0.000000
vn 0.000000 1.000000 0.000000
vn 0.000000 1.000000 0.000000
vn 0.000000 1.000000 0.000000
vn 0.000000 1.000000 0.000000
vn 0.000000 1.000000 0.000000
vn 0.000000 1.000000 0.000000
vn 0.000000 1.000000 0.000000
vn -1.000000 0.000000 0.000000
vn -1.000000 0.000000 0.000000
vn -1.000000 0.000000 0.000000
vn -1.000000 0.000000 0.000000
vn -1.000000 0.000000 0.000000
vn -1.000000 0.000000 0.000000
vn -1.000000 0.000000 0.000000
vn -1.000000 0.000000 0.000000
vn -1.000000 0.000000 0.000000
vn -1.000000 0.000000 0.000000
vn -1.000000 0.000000 0.000000
vn -1.000000 0.000000 0.000000
vn 0.000000 0.000000 1.000000
vn 0.000000 0.000000 1.000000
vn 0.000000 0.000000 1.000000
vn 0.000000 0.000000 1.000000
vn 0.000000 0.000000 1.000000
vn 0.000000 0.000000 1.000000
vn 0.000000 0.000000 1.000000
vn 0.000000 0.000000 1.000000
vn 0.000000 0.000000 1.000000
vn 0.000000 0.000000 1.000000
vn 0.000000 0.000000 1.000000
vn 0.000000 0.000000 1.000000
vn 0.000000 0.000000 1.000000
vn 0.000000 0.000000 1.000000
vn 0.000000 0.000000 1.000000
vn 0.000000 0.000000 1.000000
vn 0.000000 0.000000 1.000000
vn 0.000000 0.000000 1.000000
vn 0.000000 0.000000 1.000000
vn 0.000000 0.000000 1.000000
vn 0.000000 0.000000 1.000000
vn 0.000000 0.000000 1.000000
vn 0.000000 0.000000 1.000000
vn 0.000000 0.000000 1.000000
vn 0.000000 0.000000 1.000000
vn 0.000000 0.000000 1.000000
vn 0.000000 0.000000 1.000000
vn 0.000000 0.000000 1.000000
vn 0.000000 0.000000 1.000000
vn 0.000000 0.000000 1.000000
vn 0.000000 0.000000 1.000000
vn 0.000000 0.000000 1.000000
vn 0.000000 0.000000 1.000000
vn 0.000000 0.000000 1.000000
vn 0.000000 0.000000 1.000000
vn 0.000000 0.000000 1.000000
vn 0.000000 0.000000 1.000000
vn 0.000000 0.000000 1.000000
vn 0.000000 0.000000 1.000000
vn 0.000000 0.000000 1.000000
vn 0.000000 0.000000 1.000000
vn 0.000000 0.000000 1.000000
vn 0.000000 0.000000 1.000000
vn 0.000000 0.000000 1.000000
vn 0.000000 0.000000 1.000000
vn 0.000000 0.000000 1.000000
vn 0.000000 0.000000 1.000000
vn 0.000000 0.000000 1.000000
vn 0.000000 0.000000 1.000000
vn 0.000000 0.000000 1.000000
vn 0.000000 0.000000 1.000000
vn 0.000000 0.000000 1.000000
vn 0.000000 0.000000 1.000000
vn 0.000000 0.000000 1.000000
vn 0.000000 0.000000 1.000000
vn 0.000000 0.000000 1.000000
vn 0.000000 0.000000 1.000000
vn 0.000000 0.000000 1.000000
vn 0.000000 0.000000 1.000000
vn 0.000000 0.000000 1.000000
vn 0.000000 0.000000 1.000000
vn 0.000000 0.000000 1.000000
vn 0.000000 0.000000 1.000000
vn 0.000000 0.000000 1.000000
vn 0.000000 0.000000 1.000000
vn 0.000000 0.000000 1.000000
vn 0.000000 0.000000 1.000000
vn 0.000000 0.000000 1.000000
vn 0.000000 0.000000 1.000000
vn 0.000000 0.000000 1.000000
vn 0.000000 0.000000 1.000000
vn 0.000000 0.000000 1.000000
vn 0.000000 0.000000 1.000000
vn 0.000000 0.000000 1.000000
vn 0.000000 0.000000 1.000000
vn 0.000000 0.000000 1.000000
vn 0.000000 0.000000 1.000000
vn 0.000000 0.000000 1.000000
vn 0.000000 0.000000 1.000000
vn 0.000000 0.000000 1.000000
vn 0.000000 0.000000 1.000000
vn 0.000000 0.000000 1.000000
vn 0.000000 0.000000 1.000000
vn 0.000000 0.000000 1.000000
vn 0.000000 0.000000 1.000000
vn 0.000000 0.000000 1.000000
vn 0.000000 0.000000 1.000000
vn 0.000000 0.000000 1.000000
vn 0.000000 0.000000 1.000000
vn 0.000000 0.000000 1.000000
vn 0.000000 0.000000 1.000000
vn 0.000000 0.000000 1.000000
vn 0.000000 0.000000 1.000000
vn 0.000000 0.000000 1.000000
vn 0.000000 0.000000 1.000000
vn 0.000000 0.000000 1.000000
vn 0.000000 0.000000 1.000000
vn 0.000000 0.000000 1.000000
vn 0.000000 0.000000 1.000000
vn 0.000000 0.000000 1.000000
vn 0.000000 0.000000 1.000000
vn 0.000000 0.000000 1.000000
vn 0.000000 0.000000 1.000000
vn 0.000000 0.000000 1.000000
vn 0.000000 0.000000 1.000000
vn 0.000000 0.000000 1.000000
vn 0.000000 0.000000 1.000000
vn 0.000000 0.000000 1.000000
vn 0.000000 0.000000 1.000000
vn 0.000000 0.000000 1.000000
vn 0.000000 0.000000 1.000000
vn 0.000000 0.000000 1.000000
vn 0.000000 0.000000 1.000000
vn 0.000000 0.000000 1.000000
vn 0.000000 0.000000 1.000000
vn 0.000000 0.000000 1.000000
vn 0.000000 0.000000 1.000000
vn 0.000000 0.000000 1.000000
vn 0.000000 0.000000 1.000000
vn 0.000000 0.000000 1.000000
vn 0.000000 0.000000 1.000000
vn 0.000000 0.000000 1.000000
vn 0.000000 0.000000 1.000000
vn 0.000000 0.000000 1.000000
vn 0.000000 0.000000 1.000000
vn 0.000000 0.000000 1.000000
vn 0.000000 0.000000 1.000000
vn 0.000000 0.000000 1.000000
vn 0.000000 0.000000 1.000000
vn 0.000000 0.000000 1.000000
vn 0.000000 0.000000 1.000000
vn 0.000000 0.000000 1.000000
vn 0.000000 0.000000 1.000000
vn 0.000000 0.000000 1.000000
vn 0.000000 0.000000 1.000000
vn 0.000000 0.000000 1.000000
vn 0.000000 0.000000 1.000000
vn 0.000000 0.000000 1.000000
vn 0.000000 0.000000 1.000000
vn 0.000000 0.000000 1.000000
vn 0.000000 0.000000 1.000000
vn 0.000000 0.000000 1.000000
vn 0.000000 0.000000 1.000000
vn 0.000000 0.000000 1.000000
vn 0.000000 0.000000 1.000000
vn 0.000000 0.000000 1.000000
vn 0.000000 0.000000 1.000000
vn 0.000000 0.000000 1.000000
vn 0.000000 0.000000 1.000000
vn 0.000000 0.000000 1.000000
vn 0.000000 0.000000 1.000000
vn 0.000000 0.000000 1.000000
vn 0.000000 0.000000 1.000000
vn 0.000000 0.000000 1.000000
vn 0.000000 0.000000 1.000000
vn 0.000000 0.000000 1.000000
vn 0.000000 0.000000 1.000000
vn 0.000000 0.000000 1.000000
vn 0.000000 0.000000 1.000000
vn 0.000000 0.000000 1.000000
vn 0.000000 0.000000 1.000000
vn 0.000000 0.000000 1.000000
vn 0.000000 0.000000 1.000000
vn 0.000000 0.000000 1.000000
vn 0.000000 0.000000 1.000000
vn 0.000000 0.000000 1.000000
vn 0.000000 0.000000 1.000000
vn 0.000000 0.000000 1.000000
vn 0.000000 0.000000 1.000000
vn 0.000000 0.000000 1.000000
vn 0.000000 0.000000 1.000000
vn 0.000000 0.000000 1.000000
vn 0.000000 0.000000 1.000000
vn 0.000000 0.000000 1.000000
vn 0.000000 0.000000 1.000000
vn 0.000000 0.000000 1.000000
vn 0.000000 0.000000 1.000000
vn 0.000000 0.000000 1.000000
vn 0.000000 0.000000 1.000000
vn 0.000000 0.000000 1.000000
vn 0.000000 0.000000 1.000000
vn 0.000000 0.000000 1.000000
vn 0.000000 0.000000 1.000000
vn 0.000000 0.000000 1.000000
vn 0.000000 0.000000 1.000000
vn 0.000000 0.000000 1.000000
vn 0.000000 0.000000 1.000000
vn 0.000000 0.000000 1.000000
vn 0.000000 0.000000 1.000000
vn 0.000000 0.000000 1.000000
vn 0.000000 0.000000 1.000000
vn 0.000000 0.000000 1.000000
vn 0.000000 0.000000 1.000000
vn 0.000000 0.000000 1.000000
vn 0.000000 0.000000 1.000000
vn 0.000000 0.000000 1.000000
vn 0.000000 0.000000 1.000000
vn 0.000000 0.000000 1.000000
vn 0.000000 0.000000 1.000000
vn 0.000000 0.000000 1.000000
vn 0.000000 0.000000 1.000000
vn 0.000000 0.000000 1.000000
vn 0.000000 0.000000 1.000000
vn 0.000000 0.000000 1.000000
vn 0.000000 0.000000 1.000000
vn 0.000000 0.000000 1.000000
vn 0.000000 0.000000 1.000000
vn 0.000000 0.000000 1.000000
vn 0.000000 0.000000 1.000000
vn 0.000000 0.000000 1.000000
vn 0.000000 0.000000 1.000000
vn 0.000000 0.000000 1.000000
vn 0.000000 0.000000 1.000000
vn 0.000000 0.000000 1.000000
vn 0.000000 0.000000 1.000000
vn 0.000000 0.000000 1.000000
vn 0.000000 0.000000 1.000000
vn 0.000000 0.000000 1.000000
vn 0.000000 0.000000 1.000000
vn 0.000000 0.000000 1.000000
vn 0.000000 0.000000 1.000000
vn 0.000000 0.000000 1.000000
vn 0.000000 0.000000 1.000000
vn 0.000000 0.000000 1.000000
vn 0.000000 0.000000 1.000000
vn 0.000000 0.000000 1.000000
vn 0.000000 0.000000 1.000000
vn 0.000000 0.000000 1.000000
vn 0.000000 0.000000 1.000000
vn 0.000000 0.000000 1.000000
vn 1.000000 0.000000 0.000000
vn 1.000000 0.000000 0.000000
vn 1.000000 0.000000 0.000000
vn 1.000000 0.000000 0.000000
vn 0.000000 1.000000 0.000000
vn 0.000000 1.000000 0.000000
vn 0.000000 1.000000 0.000000
vn -1.000000 -0.000000 0.000000
vn -1.000000 -0.000000 0.000000
vn -0.965926 0.000000 0.258819
vn -0.965926 0.000000 0.258819
vn -0.866025 0.000000 0.500000
vn -0.866025 0.000000 0.500000
vn -0.707107 0.000000 0.707107
vn -0.707107 0.000000 0.707107
vn -0.500000 0.000000 0.866025
vn -0.500000 0.000000 0.866025
vn -0.258819 0.000000 0.965926
vn -0.258819 0.000000 0.965926
vn -0.000000 0.000000 1.000000
vn 0.000000 0.000000 1.000000
vn -0.000000 -0.000000 1.000000
vn -0.000000 -0.000000 1.000000
vn 1.000000 0.000000 0.000000
vn 1.000000 0.000000 0.000000
vn 0.965926 -0.000000 0.258819
vn 0.965926 -0.000000 0.258819
vn 0.866025 -0.000000 0.500000
vn 0.866025 -0.000000 0.500000
vn 0.707107 -0.000000 0.707107
vn 0.707107 -0.000000 0.707107
vn 0.500000 -0.000000 0.866025
vn 0.500000 -0.000000 0.866025
vn 0.258819 -0.000000 0.965926
vn 0.258819 -0.000000 0.965926
vn 1.000000 0.000000 0.000000
vn 1.000000 0.000000 0.000000
vn 0.965926 -0.000000 0.258819
vn 0.965926 -0.000000 0.258819
vn 0.866025 -0.000000 0.500000
vn 0.866025 -0.000000 0.500000
vn 0.707107 -0.000000 0.707107
vn 0.707107 -0.000000 0.707107
vn 0.500000 -0.000000 0.866025
vn 0.500000 -0.000000 0.866025
vn 0.258819 -0.000000 0.965926
vn 0.258819 -0.000000 0.965926
vn 0.000000 -0.000000 1.000000
vn 0.000000 -0.000000 1.000000
vn -0.000000 -0.000000 1.000000
vn -0.000000 -0.000000 1.000000
vn -1.000000 0.000000 -0.000000
vn -1.000000 0.000000 -0.000000
vn -0.965926 0.000000 0.258819
vn -0.965926 0.000000 0.258819
vn -0.866025 0.000000 0.500000
vn -0.866025 0.000000 0.500000
vn -0.707107 0.000000 0.707107
vn -0.707107 0.000000 0.707107
vn -0.500000 0.000000 0.866025
vn -0.500000 0.000000 0.866025
vn -0.258819 0.000000 0.965926
vn -0.258819 0.000000 0.965926
vn -1.000000 -0.000000 -0.000000
vn -1.000000 -0.000000 -0.000000
vn 1.000000 -0.000000 -0.000000
vn 1.000000 -0.000000 -0.000000
vn -1.000000 -0.000000 -0.000000
vn -1.000000 -0.000000 -0.000000
vn 1.000000 -0.000000 -0.000000
vn 1.000000 -0.000000 -0.000000
vn 0.000000 0.000000 1.000000
vn 0.000000 0.000000 1.000000
vn 0.000000 0.000000 1.000000
vn 0.000000 0.000000 1.000000
vn 0.000000 0.000000 1.000000
vn 0.000000 0.000000 1.000000
vn 0.000000 0.000000 1.000000
vn 0.000000 0.000000 1.000000
vn 0.000000 0.000000 1.000000
vn 0.000000 0.000000 1.000000
vn 0.000000 0.000000 1.000000
vn 0.000000 0.000000 1.000000
vn 0.000000 -1.000000 0.000000
vn 0.000000 -1.000000 0.000000
vn 0.000000 -1.000000 0.000000
vn 0.000000 -1.000000 0.000000
vn 0.000000 -1.000000 0.000000
vn 0.000000 -1.000000 0.000000
vn 0.000000 -1.000000 0.000000
vn 0.000000 -1.000000 0.000000
vn 0.000000 -1.000000 0.000000
vn 0.000000 -1.000000 0.000000
vn 0.000000 -1.000000 0.000000
vn 0.000000 -1.000000 0.000000
vn 0.000000 -1.000000 0.000000
vn 0.000000 -1.000000 0.000000
vn 0.000000 -1.000000 0.000000
vn 0.000000 -1.000000 0.000000
vn 0.000000 -1.000000 0.000000
vn 0.000000 -1.000000 0.000000
vn 0.000000 -1.000000 0.000000
vn 0.000000 -1.000000 0.000000
vn 0.000000 -1.000000 0.000000
vn 0.000000 -1.000000 0.000000
vn 0.000000 -1.000000 0.000000
vn 0.000000 -1.000000 0.000000
vn 0.000000 -1.000000 0.000000
vn 0.000000 -1.000000 0.000000
vn 0.000000 -1.000000 0.000000
vn 0.000000 -1.000000 0.000000
vn 0.000000 -1.000000 0.000000
vn 0.000000 -1.000000 0.000000
vn 0.000000 -1.000000 0.000000
vn 0.000000 -1.000000 0.000000
vn 0.000000 -1.000000 0.000000
vn 0.000000 -1.000000 0.000000
vn 0.000000 -1.000000 0.000000
vn 0.000000 -1.000000 0.000000
vn 0.000000 0.000000 1.000000
vn 0.000000 0.000000 1.000000
vn 0.000000 0.000000 1.000000
vn 0.000000 0.000000 1.000000
vn 0.000000 0.000000 1.000000
vn 0.000000 0.000000 1.000000
vn 0.000000 0.000000 1.000000
vn 0.000000 0.000000 1.000000
vn 0.000000 0.000000 1.000000
vn 0.000000 0.000000 1.000000
vn 0.000000 0.000000 1.000000
vn 0.000000 0.000000 1.000000
vn 0.000000 0.000000 1.000000
vn 0.000000 0.000000 1.000000
vn 0.000000 0.000000 1.000000
vn 0.000000 0.000000 1.000000
vn 0.000000 0.000000 1.000000
vn 0.000000 0.000000 1.000000
vn 0.000000 0.000000 1.000000
vn 0.000000 0.000000 1.000000
vn 0.000000 0.000000 1.000000
vn 0.000000 0.000000 1.000000
vn 0.000000 0.000000 1.000000
vn 0.000000 0.000000 1.000000
vn 0.000000 0.000000 1.000000
vn 0.000000 0.000000 1.000000
vn 0.000000 0.000000 1.000000
vn 0.000000 0.000000 1.000000
vn 0.000000 0.000000 1.000000
vn 0.000000 0.000000 1.000000
vn 0.000000 0.000000 1.000000
vn 0.000000 0.000000 1.000000
vn 0.000000 0.000000 1.000000
vn 0.000000 0.000000 1.000000
vn 0.000000 0.000000 1.000000
vn 0.000000 0.000000 1.000000
vn 0.000000 0.000000 1.000000
vn 0.000000 0.000000 1.000000
vn 0.000000 0.000000 1.000000
vn 0.000000 0.000000 1.000000
vn 0.000000 0.000000 1.000000
vn 0.000000 0.000000 1.000000
vn 0.000000 0.000000 1.000000
vn 0.000000 0.000000 1.000000
vn 0.000000 0.000000 1.000000
vn 0.000000 0.000000 1.000000
vn 0.000000 0.000000 1.000000
vn 0.000000 0.000000 1.000000
vn 1.000000 0.000000 -0.000000
vn 1.000000 0.000000 -0.000000
vn 1.000000 0.000000 -0.000000
vn 1.000000 0.000000 -0.000000
vn 0.000000 -1.000000 0.000000
vn 0.000000 -1.000000 0.000000
vn 0.000000 -1.000000 0.000000
vn 0.000000 -1.000000 0.000000
vn -1.000000 0.000000 0.000000
vn -1.000000 0.000000 0.000000
vn -1.000000 0.000000 0.000000
vn -1.000000 0.000000 0.000000
vn 0.000000 -1.000000 0.000000
vn 0.000000 -1.000000 0.000000
vn 0.000000 -1.000000 0.000000
vn 0.000000 -1.000000 0.000000
vn -0.000000 -1.000000 0.000000
vn -0.000000 -1.000000 0.000000
vn -0.000000 -1.000000 0.000000
vn -0.000000 -1.000000 0.000000
vn 1.000000 0.000000 0.000000
vn 1.000000 0.000000 0.000000
vn 1.000000 0.000000 0.000000
vn 1.000000 0.000000 0.000000
vn 1.000000 0.000000 -0.000000
vn 1.000000 0.000000 -0.000000
vn 1.000000 0.000000 -0.000000
vn 1.000000 0.000000 -0.000000
vn -1.000000 0.000000 0.000000
vn -1.000000 0.000000 0.000000
vn -1.000000 0.000000 0.000000
vn -1.000000 0.000000 0.000000
vn 1.000000 0.000000 0.000000
vn 1.000000 0.000000 0.000000
vn 1.000000 0.000000 0.000000
vn 1.000000 0.000000 0.000000
vn 0.000000 -1.000000 0.000000
vn 0.000000 -1.000000 0.000000
vn 0.000000 -1.000000 0.000000
vn 0.000000 -1.000000 0.000000
vn 0.000000 0.000000 1.000000
vn 0.000000 0.000000 1.000000
vn 0.000000 0.000000 1.000000
vn 0.000000 0.000000 1.000000
vn 0.000000 0.000000 1.000000
vn 0.000000 0.000000 1.000000
vn 0.000000 0.000000 1.000000
vn 0.000000 0.000000 1.000000
vn 0.000000 0.000000 1.000000
vn 0.000000 0.000000 1.000000
vn 0.000000 0.000000 1.000000
vn 0.000000 0.000000 1.000000
vn 0.000000 0.000000 1.000000
vn 0.000000 0.000000 1.000000
vn 0.000000 0.000000 1.000000
vn 0.000000 0.000000 1.000000
vn 0.000000 0.000000 1.000000
vn 0.000000 0.000000 1.000000
vn 0.000000 0.000000 1.000000
vn 0.000000 0.000000 1.000000
vn 0.000000 0.000000 1.000000
vn 0.000000 0.000000 1.000000
vn 0.000000 0.000000 1.000000
vn 0.000000 0.000000 1.000000
vn 0.000000 0.000000 1.000000
vn 0.000000 0.000000 1.000000
vn 0.000000 0.000000 1.000000
vn 0.000000 0.000000 1.000000
vn 0.000000 0.000000 1.000000
vn 0.000000 0.000000 1.000000
vn 0.000000 0.000000 1.000000
vn 0.000000 0.000000 1.000000
vn 0.000000 0.000000 1.000000
vn 0.000000 0.000000 1.000000
vn 0.000000 0.000000 1.000000
vn 0.000000 0.000000 1.000000
vn 0.000000 0.000000 1.000000
vn 0.000000 0.000000 1.000000
vn 0.000000 0.000000 1.000000
vn 0.000000 0.000000 1.000000
vn 0.000000 0.000000 1.000000
vn 0.000000 0.000000 1.000000
vn 0.000000 0.000000 1.000000
vn 0.000000 0.000000 1.000000
vn 0.000000 0.000000 1.000000
vn 0.000000 0.000000 1.000000
vn 0.000000 0.000000 1.000000
vn 0.000000 0.000000 1.000000
vn 0.000000 0.000000 1.000000
vn 0.000000 0.000000 1.000000
vn 0.000000 0.000000 1.000000
vn 0.000000 0.000000 1.000000
vn 0.000000 0.000000 1.000000
vn 0.000000 0.000000 1.000000
vn 0.000000 0.000000 1.000000
vn 0.000000 0.000000 1.000000
vn 0.000000 0.000000 1.000000
vn 0.000000 0.000000 1.000000
vn 0.000000 0.000000 1.000000
vn 0.000000 0.000000 1.000000
vn 0.000000 0.000000 1.000000
vn 0.000000 0.000000 1.000000
vn 0.000000 0.000000 1.000000
vn 0.000000 0.000000 1.000000
vn 0.000000 0.000000 1.000000
vn 0.000000 0.000000 1.000000
vn 0.000000 0.000000 1.000000
vn 0.000000 0.000000 1.000000
vn 0.000000 0.000000 1.000000
vn 0.000000 0.000000 1.000000
vn 0.000000 0.000000 1.000000
vn 0.000000 0.000000 1.000000
vn 0.000000 0.000000 1.000000
vn 0.000000 0.000000 1.000000
vn 0.000000 0.000000 1.000000
vn 0.000000 0.000000 1.000000
vn 0.000000 0.000000 1.000000
vn 0.000000 0.000000 1.000000
vn 0.000000 0.000000 1.000000
vn 0.000000 0.000000 1.000000
vn 0.000000 0.000000 1.000000
vn 0.000000 0.000000 1.000000
vn 0.000000 0.000000 1.000000
vn 0.000000 0.000000 1.000000
vn 0.000000 0.000000 1.000000
vn 0.000000 0.000000 1.000000
vn 0.000000 0.000000 1.000000
vn 0.000000 0.000000 1.000000
vn 0.000000 0.000000 1.000000
vn 0.000000 0.000000 1.000000
vn 0.000000 0.000000 1.000000
vn 0.000000 0.000000 1.000000
vn 0.000000 0.000000 1.000000
vn 0.000000 0.000000 1.000000
vn 0.000000 0.000000 1.000000
vn 0.000000 0.000000 1.000000
vn 0.000000 0.000000 1.000000
vn 0.000000 0.000000 1.000000
vn 0.000000 0.000000 1.000000
vn 0.000000 0.000000 1.000000
vn 0.000000 0.000000 1.000000
vn 0.000000 0.000000 1.000000
vn 0.000000 0.000000 1.000000
vn 0.000000 0.000000 1.000000
vn 0.000000 0.000000 1.000000
vn 0.000000 0.000000 1.000000
vn 0.000000 0.000000 1.000000
vn 0.000000 0.000000 1.000000
vn 0.000000 0.000000 1.000000
vn 0.000000 0.000000 1.000000
vn 0.000000 0.000000 1.000000
vn 0.000000 0.000000 1.000000
vn 0.000000 0.000000 1.000000
vn 0.000000 0.000000 1.000000
vn 0.000000 0.000000 1.000000
vn 0.000000 0.000000 1.000000
vn 0.000000 0.000000 1.000000
vn 0.000000 0.000000 1.000000
vn 0.000000 0.000000 1.000000
vn 0.000000 0.000000 1.000000
vn 0.000000 0.000000 1.000000
vn 0.000000 0.000000 1.000000
vn 0.000000 0.000000 1.000000
vn 0.000000 0.000000 1.000000
vn 0.000000 0.000000 1.000000
vn 0.000000 0.000000 1.000000
vn 0.000000 0.000000 1.000000
vn 0.000000 0.000000 1.000000
vn 0.000000 0.000000 1.000000
vn 0.000000 0.000000 1.000000
vn 0.000000 0.000000 1.000000
vn 0.000000 0.000000 1.000000
vn 0.000000 0.000000 1.000000
vn 0.000000 0.000000 1.000000
vn 0.000000 0.000000 1.000000
vn 0.000000 0.000000 1.000000
vn 0.000000 0.000000 1.000000
vn 0.000000 0.000000 1.000000
vn 0.000000 0.000000 1.000000
vn 0.000000 0.000000 1.000000
vn 0.000000 0.000000 1.000000
vn 0.000000 0.000000 1.000000
vn 0.000000 0.000000 1.000000
vn 0.000000 0.000000 1.000000
vn 0.000000 0.000000 1.000000
vn 0.000000 0.000000 1.000000
vn 0.000000 0.000000 1.000000
vn 0.000000 0.000000 1.000000
vn 0.000000 -1.000000 0.000000
vn 0.000000 -1.000000 0.000000
vn 0.000000 -1.000000 0.000000
vn 0.000000 -1.000000 0.000000
vn 0.000000 1.000000 -0.000000
vn 0.000000 1.000000 -0.000000
vn 0.000000 1.000000 -0.000000
vn 0.000000 1.000000 -0.000000
vn 1.000000 0.000000 0.000000
vn 1.000000 0.000000 0.000000
vn 1.000000 0.000000 0.000000
vn 1.000000 0.000000 0.000000
vn 0.000000 0.000000 1.000000
vn 0.000000 0.000000 1.000000
vn 0.000000 0.000000 1.000000
vn 0.000000 0.000000 1.000000
vn 0.000000 0.000000 1.000000
vn 0.000000 0.000000 1.000000
vn 0.000000 1.000000 0.000000
vn 0.000000 1.000000 0.000000
vn 0.000000 1.000000 0.000000
vn 0.000000 1.000000 0.000000
vn 1.000000 0.000000 -0.000000
vn 1.000000 0.000000 -0.000000
vn 1.000000 0.000000 -0.000000
vn 1.000000 0.000000 -0.000000
vn 1.000000 0.000000 -0.000000
vn 0.000000 -1.000000 0.000000
vn 0.000000 -1.000000 0.000000
vn 0.000000 -1.000000 0.000000
vn 0.000000 -1.000000 0.000000
vn 0.965926 -0.258819 -0.000000
vn 0.965926 -0.258819 -0.000000
vn 1.000000 -0.000000 -0.000000
vn 1.000000 -0.000000 -0.000000
vn 0.965926 0.258819 -0.000000
vn 0.965926 0.258819 -0.000000
vn 0.866025 0.500000 -0.000000
vn 0.866025 0.500000 -0.000000
vn 0.707107 0.707107 -0.000000
vn 0.707107 0.707107 -0.000000
vn 0.500000 0.866025 -0.000000
vn 0.500000 0.866025 -0.000000
vn 0.258819 0.965926 -0.000000
vn 0.258819 0.965926 -0.000000
vn 0.000000 1.000000 -0.000000
vn 0.000000 1.000000 -0.000000
vn -0.258819 0.965926 -0.000000
vn -0.258819 0.965926 -0.000000
vn -0.500000 0.866025 -0.000000
vn -0.500000 0.866025 -0.000000
vn -0.707107 0.707107 -0.000000
vn -0.707107 0.707107 -0.000000
vn -0.866025 0.500000 -0.000000
vn -0.866025 0.500000 -0.000000
vn -0.965926 0.258819 -0.000000
vn -0.965926 0.258819 -0.000000
vn -1.000000 0.000000 -0.000000
vn -1.000000 0.000000 -0.000000
vn -0.965926 -0.258819 0.000000
vn -0.965926 -0.258819 0.000000
vn -0.866025 -0.500000 0.000000
vn -0.866025 -0.500000 0.000000
vn -0.707107 -0.707107 0.000000
vn -0.707107 -0.707107 0.000000
vn -0.500000 -0.866025 0.000000
vn -0.500000 -0.866025 0.000000
vn -0.258819 -0.965926 0.000000
vn -0.258819 -0.965926 0.000000
vn 0.000000 -1.000000 -0.000000
vn 0.000000 -1.000000 -0.000000
vn 0.258819 -0.965926 -0.000000
vn 0.258819 -0.965926 -0.000000
vn 0.500000 -0.866025 -0.000000
vn 0.500000 -0.866025 -0.000000
vn 0.707107 -0.707107 -0.000000
vn 0.707107 -0.707107 -0.000000
vn 0.866025 -0.500000 -0.000000
vn 0.866025 -0.500000 -0.000000
vn -0.965926 -0.258819 0.000000
vn -0.965926 -0.258819 0.000000
vn -1.000000 -0.000000 0.000000
vn -1.000000 -0.000000 0.000000
vn -0.965926 0.258819 -0.000000
vn -0.965926 0.258819 -0.000000
vn -0.866025 0.500000 -0.000000
vn -0.866025 0.500000 -0.000000
vn -0.707107 0.707107 -0.000000
vn -0.707107 0.707107 -0.000000
vn -0.500000 0.866025 -0.000000
vn -0.500000 0.866025 -0.000000
vn -0.258819 0.965926 -0.000000
vn -0.258819 0.965926 -0.000000
vn 0.000000 1.000000 -0.000000
vn 0.000000 1.000000 -0.000000
vn 0.258819 0.965926 -0.000000
vn 0.258819 0.965926 -0.000000
vn 0.500000 0.866025 -0.000000
vn 0.500000 0.866025 -0.000000
vn 0.707107 0.707107 -0.000000
vn 0.707107 0.707107 -0.000000
vn 0.866025 0.500000 -0.000000
vn 0.866025 0.500000 -0.000000
vn 0.965926 0.258819 -0.000000
vn 0.965926 0.258819 -0.000000
vn 1.000000 -0.000000 -0.000000
vn 1.000000 -0.000000 -0.000000
vn 0.965926 -0.258819 -0.000000
vn 0.965926 -0.258819 -0.000000
vn 0.866025 -0.500000 -0.000000
vn 0.866025 -0.500000 -0.000000
vn 0.707107 -0.707107 -0.000000
vn 0.707107 -0.707107 -0.000000
vn 0.500000 -0.866025 -0.000000
vn 0.500000 -0.866025 -0.000000
vn 0.258819 -0.965926 -0.000000
vn 0.258819 -0.965926 -0.000000
vn 0.000000 -1.000000 -0.000000
vn 0.000000 -1.000000 -0.000000
vn -0.258819 -0.965926 0.000000
vn -0.258819 -0.965926 0.000000
vn -0.500000 -0.866025 0.000000
vn -0.500000 -0.866025 0.000000
vn -0.707107 -0.707107 0.000000
vn -0.707107 -0.707107 0.000000
vn -0.866025 -0.500000 0.000000
vn -0.866025 -0.500000 0.000000
vn 0.965926 -0.258819 -0.000000
vn 0.965926 -0.258819 -0.000000
vn 1.000000 -0.000000 -0.000000
vn 1.000000 -0.000000 -0.000000
vn 0.965926 0.258819 -0.000000
vn 0.965926 0.258819 -0.000000
vn 0.866025 0.500000 -0.000000
vn 0.866025 0.500000 -0.000000
vn 0.707107 0.707107 -0.000000
vn 0.707107 0.707107 -0.000000
vn 0.500000 0.866025 -0.000000
vn 0.500000 0.866025 -0.000000
vn 0.258819 0.965926 -0.000000
vn 0.258819 0.965926 -0.000000
vn -0.000000 1.000000 -0.000000
vn -0.000000 1.000000 -0.000000
vn -0.258819 0.965926 -0.000000
vn -0.258819 0.965926 -0.000000
vn -0.500000 0.866025 -0.000000
vn -0.500000 0.866025 -0.000000
vn -0.707107 0.707107 -0.000000
vn -0.707107 0.707107 -0.000000
vn -0.866025 0.500000 -0.000000
vn -0.866025 0.500000 -0.000000
vn -0.965926 0.258819 -0.000000
vn -0.965926 0.258819 -0.000000
vn -1.000000 0.000000 -0.000000
vn -1.000000 0.000000 -0.000000
vn -0.965926 -0.258819 0.000000
vn -0.965926 -0.258819 0.000000
vn -0.866025 -0.500000 0.000000
vn -0.866025 -0.500000 0.000000
vn -0.707107 -0.707107 0.000000
vn -0.707107 -0.707107 0.000000
vn -0.500000 -0.866025 0.000000
vn -0.500000 -0.866025 0.000000
vn -0.258819 -0.965926 0.000000
vn -0.258819 -0.965926 0.000000
vn -0.000000 -1.000000 0.000000
vn -0.000000 -1.000000 0.000000
vn 0.258819 -0.965926 -0.000000
vn 0.258819 -0.965926 -0.000000
vn 0.500000 -0.866025 -0.000000
vn 0.500000 -0.866025 -0.000000
vn 0.707107 -0.707107 -0.000000
vn 0.707107 -0.707107 -0.000000
vn 0.866025 -0.500000 -0.000000
vn 0.866025 -0.500000 -0.000000
vn -0.965926 -0.258819 0.000000
vn -0.965926 -0.258819 0.000000
vn -1.000000 -0.000000 0.000000
vn -1.000000 -0.000000 0.000000
vn -0.965926 0.258819 -0.000000
vn -0.965926 0.258819 -0.000000
vn -0.866025 0.500000 -0.000000
vn -0.866025 0.500000 -0.000000
vn -0.707107 0.707107 -0.000000
vn -0.707107 0.707107 -0.000000
vn -0.500000 0.866025 -0.000000
vn -0.500000 0.866025 -0.000000
vn -0.258819 0.965926 -0.000000
vn -0.258819 0.965926 -0.000000
vn 0.000000 1.000000 -0.000000
vn 0.000000 1.000000 -0.000000
vn 0.258819 0.965926 -0.000000
vn 0.258819 0.965926 -0.000000
vn 0.500000 0.866025 -0.000000
vn 0.500000 0.866025 -0.000000
vn 0.707107 0.707107 -0.000000
vn 0.707107 0.707107 -0.000000
vn 0.866025 0.500000 -0.000000
vn 0.866025 0.500000 -0.000000
vn 0.965926 0.258819 -0.000000
vn 0.965926 0.258819 -0.000000
vn 1.000000 -0.000000 -0.000000
vn 1.000000 -0.000000 -0.000000
vn 0.965926 -0.258819 -0.000000
vn 0.965926 -0.258819 -0.000000
vn 0.866025 -0.500000 -0.000000
vn 0.866025 -0.500000 -0.000000
vn 0.707107 -0.707107 -0.000000
vn 0.707107 -0.707107 -0.000000
vn 0.500000 -0.866025 -0.000000
vn 0.500000 -0.866025 -0.000000
vn 0.258819 -0.965926 -0.000000
vn 0.258819 -0.965926 -0.000000
vn 0.000000 -1.000000 -0.000000
vn 0.000000 -1.000000 -0.000000
vn -0.258819 -0.965926 0.000000
vn -0.258819 -0.965926 0.000000
vn -0.500000 -0.866025 0.000000
vn -0.500000 -0.866025 0.000000
vn -0.707107 -0.707107 0.000000
vn -0.707107 -0.707107 0.000000
vn -0.866025 -0.500000 0.000000
vn -0.866025 -0.500000 0.000000
vn 0.965926 -0.258819 -0.000000
vn 0.965926 -0.258819 -0.000000
vn 1.000000 -0.000000 -0.000000
vn 1.000000 -0.000000 -0.000000
vn 0.965926 0.258819 -0.000000
vn 0.965926 0.258819 -0.000000
vn 0.866025 0.500000 -0.000000
vn 0.866025 0.500000 -0.000000
vn 0.707107 0.707107 -0.000000
vn 0.707107 0.707107 -0.000000
vn 0.500000 0.866025 -0.000000
vn 0.500000 0.866025 -0.000000
vn 0.258819 0.965926 -0.000000
vn 0.258819 0.965926 -0.000000
vn 0.000000 1.000000 -0.000000
vn 0.000000 1.000000 -0.000000
vn -0.258819 0.965926 -0.000000
vn -0.258819 0.965926 -0.000000
vn -0.500000 0.866025 -0.000000
vn -0.500000 0.866025 -0.000000
vn -0.707107 0.707107 -0.000000
vn -0.707107 0.707107 -0.000000
vn -0.866025 0.500000 -0.000000
vn -0.866025 0.500000 -0.000000
vn -0.965926 0.258819 -0.000000
vn -0.965926 0.258819 -0.000000
vn -1.000000 0.000000 -0.000000
vn -1.000000 0.000000 -0.000000
vn -0.965926 -0.258819 0.000000
vn -0.965926 -0.258819 0.000000
vn -0.866025 -0.500000 0.000000
vn -0.866025 -0.500000 0.000000
vn -0.707107 -0.707107 0.000000
vn -0.707107 -0.707107 0.000000
vn -0.500000 -0.866025 0.000000
vn -0.500000 -0.866025 0.000000
vn -0.258819 -0.965926 0.000000
vn -0.258819 -0.965926 0.000000
vn 0.000000 -1.000000 -0.000000
vn 0.000000 -1.000000 -0.000000
vn 0.258819 -0.965926 -0.000000
vn 0.258819 -0.965926 -0.000000
vn 0.500000 -0.866025 -0.000000
vn 0.500000 -0.866025 -0.000000
vn 0.707107 -0.707107 -0.000000
vn 0.707107 -0.707107 -0.000000
vn 0.866025 -0.500000 -0.000000
vn 0.866025 -0.500000 -0.000000
vn -0.965926 -0.258819 0.000000
vn -0.965926 -0.258819 0.000000
vn -1.000000 -0.000000 0.000000
vn -1.000000 -0.000000 0.000000
vn -0.965926 0.258819 -0.000000
vn -0.965926 0.258819 -0.000000
vn -0.866025 0.500000 -0.000000
vn -0.866025 0.500000 -0.000000
vn -0.707107 0.707107 -0.000000
vn -0.707107 0.707107 -0.000000
vn -0.500000 0.866025 -0.000000
vn -0.500000 0.866025 -0.000000
vn -0.258819 0.965926 -0.000000
vn -0.258819 0.965926 -0.000000
vn 0.000000 1.000000 -0.000000
vn 0.000000 1.000000 -0.000000
vn 0.258819 0.965926 -0.000000
vn 0.258819 0.965926 -0.000000
vn 0.500000 0.866025 -0.000000
vn 0.500000 0.866025 -0.000000
vn 0.707107 0.707107 -0.000000
vn 0.707107 0.707107 -0.000000
vn 0.866025 0.500000 -0.000000
vn 0.866025 0.500000 -0.000000
vn 0.965926 0.258819 -0.000000
vn 0.965926 0.258819 -0.000000
vn 1.000000 -0.000000 -0.000000
vn 1.000000 -0.000000 -0.000000
vn 0.965926 -0.258819 -0.000000
vn 0.965926 -0.258819 -0.000000
vn 0.866025 -0.500000 -0.000000
vn 0.866025 -0.500000 -0.000000
vn 0.707107 -0.707107 -0.000000
vn 0.707107 -0.707107 -0.000000
vn 0.500000 -0.866025 -0.000000
vn 0.500000 -0.866025 -0.000000
vn 0.258819 -0.965926 -0.000000
vn 0.258819 -0.965926 -0.000000
vn 0.000000 -1.000000 -0.000000
vn 0.000000 -1.000000 -0.000000
vn -0.258819 -0.965926 0.000000
vn -0.258819 -0.965926 0.000000
vn -0.500000 -0.866025 0.000000
vn -0.500000 -0.866025 0.000000
vn -0.707107 -0.707107 0.000000
vn -0.707107 -0.707107 0.000000
vn -0.866025 -0.500000 0.000000
vn -0.866025 -0.500000 0.000000
vn 0.965926 -0.258819 -0.000000
vn 0.965926 -0.258819 -0.000000
vn 1.000000 -0.000000 -0.000000
vn 1.000000 -0.000000 -0.000000
vn 0.965926 0.258819 -0.000000
vn 0.965926 0.258819 -0.000000
vn 0.866025 0.500000 -0.000000
vn 0.866025 0.500000 -0.000000
vn 0.707107 0.707107 -0.000000
vn 0.707107 0.707107 -0.000000
vn 0.500000 0.866025 -0.000000
vn 0.500000 0.866025 -0.000000
vn 0.258819 0.965926 -0.000000
vn 0.258819 0.965926 -0.000000
vn -0.000000 1.000000 -0.000000
vn -0.000000 1.000000 -0.000000
vn -0.258819 0.965926 -0.000000
vn -0.258819 0.965926 -0.000000
vn -0.500000 0.866025 -0.000000
vn -0.500000 0.866025 -0.000000
vn -0.707107 0.707107 -0.000000
vn -0.707107 0.707107 -0.000000
vn -0.866025 0.500000 -0.000000
vn -0.866025 0.500000 -0.000000
vn -0.965926 0.258819 -0.000000
vn -0.965926 0.258819 -0.000000
vn -1.000000 0.000000 -0.000000
vn -1.000000 0.000000 -0.000000
vn -0.965926 -0.258819 0.000000
vn -0.965926 -0.258819 0.000000
vn -0.866025 -0.500000 0.000000
vn -0.866025 -0.500000 0.000000
vn -0.707107 -0.707107 0.000000
vn -0.707107 -0.707107 0.000000
vn -0.500000 -0.866025 0.000000
vn -0.500000 -0.866025 0.000000
vn -0.258819 -0.965926 0.000000
vn -0.258819 -0.965926 0.000000
vn -0.000000 -1.000000 0.000000
vn -0.000000 -1.000000 0.000000
vn 0.258819 -0.965926 -0.000000
vn 0.258819 -0.965926 -0.000000
vn 0.500000 -0.866025 -0.000000
vn 0.500000 -0.866025 -0.000000
vn 0.707107 -0.707107 -0.000000
vn 0.707107 -0.707107 -0.000000
vn 0.866025 -0.500000 -0.000000
vn 0.866025 -0.500000 -0.000000
vn -0.965926 -0.258819 0.000000
vn -0.965926 -0.258819 0.000000
vn -1.000000 -0.000000 0.000000
vn -1.000000 -0.000000 0.000000
vn -0.965926 0.258819 -0.000000
vn -0.965926 0.258819 -0.000000
vn -0.866025 0.500000 -0.000000
vn -0.866025 0.500000 -0.000000
vn -0.707107 0.707107 -0.000000
vn -0.707107 0.707107 -0.000000
vn -0.500000 0.866025 -0.000000
vn -0.500000 0.866025 -0.000000
vn -0.258819 0.965926 -0.000000
vn -0.258819 0.965926 -0.000000
vn 0.000000 1.000000 -0.000000
vn 0.000000 1.000000 -0.000000
vn 0.258819 0.965926 -0.000000
vn 0.258819 0.965926 -0.000000
vn 0.500000 0.866025 -0.000000
vn 0.500000 0.866025 -0.000000
vn 0.707107 0.707107 -0.000000
vn 0.707107 0.707107 -0.000000
vn 0.866025 0.500000 -0.000000
vn 0.866025 0.500000 -0.000000
vn 0.965926 0.258819 -0.000000
vn 0.965926 0.258819 -0.000000
vn 1.000000 -0.000000 -0.000000
vn 1.000000 -0.000000 -0.000000
vn 0.965926 -0.258819 -0.000000
vn 0.965926 -0.258819 -0.000000
vn 0.866025 -0.500000 -0.000000
vn 0.866025 -0.500000 -0.000000
vn 0.707107 -0.707107 -0.000000
vn 0.707107 -0.707107 -0.000000
vn 0.500000 -0.866025 -0.000000
vn 0.500000 -0.866025 -0.000000
vn 0.258819 -0.965926 -0.000000
vn 0.258819 -0.965926 -0.000000
vn 0.000000 -1.000000 -0.000000
vn 0.000000 -1.000000 -0.000000
vn -0.258819 -0.965926 0.000000
vn -0.258819 -0.965926 0.000000
vn -0.500000 -0.866025 0.000000
vn -0.500000 -0.866025 0.000000
vn -0.707107 -0.707107 0.000000
vn -0.707107 -0.707107 0.000000
vn -0.866025 -0.500000 0.000000
vn -0.866025 -0.500000 0.000000
vn 0.965926 -0.258819 -0.000000
vn 0.965926 -0.258819 -0.000000
vn 1.000000 -0.000000 -0.000000
vn 1.000000 -0.000000 -0.000000
vn 0.965926 0.258819 -0.000000
vn 0.965926 0.258819 -0.000000
vn 0.866025 0.500000 -0.000000
vn 0.866025 0.500000 -0.000000
vn 0.707107 0.707107 -0.000000
vn 0.707107 0.707107 -0.000000
vn 0.500000 0.866025 -0.000000
vn 0.500000 0.866025 -0.000000
vn 0.258819 0.965926 -0.000000
vn 0.258819 0.965926 -0.000000
vn 0.000000 1.000000 -0.000000
vn 0.000000 1.000000 -0.000000
vn -0.258819 0.965926 -0.000000
vn -0.258819 0.965926 -0.000000
vn -0.500000 0.866025 -0.000000
vn -0.500000 0.866025 -0.000000
vn -0.707107 0.707107 -0.000000
vn -0.707107 0.707107 -0.000000
vn -0.866025 0.500000 -0.000000
vn -0.866025 0.500000 -0.000000
vn -0.965926 0.258819 -0.000000
vn -0.965926 0.258819 -0.000000
vn -1.000000 0.000000 -0.000000
vn -1.000000 0.000000 -0.000000
vn -0.965926 -0.258819 0.000000
vn -0.965926 -0.258819 0.000000
vn -0.866025 -0.500000 0.000000
vn -0.866025 -0.500000 0.000000
vn -0.707107 -0.707107 0.000000
vn -0.707107 -0.707107 0.000000
vn -0.500000 -0.866025 0.000000
vn -0.500000 -0.866025 0.000000
vn -0.258819 -0.965926 0.000000
vn -0.258819 -0.965926 0.000000
vn 0.000000 -1.000000 -0.000000
vn 0.000000 -1.000000 -0.000000
vn 0.258819 -0.965926 -0.000000
vn 0.258819 -0.965926 -0.000000
vn 0.500000 -0.866025 -0.000000
vn 0.500000 -0.866025 -0.000000
vn 0.707107 -0.707107 -0.000000
vn 0.707107 -0.707107 -0.000000
vn 0.866025 -0.500000 -0.000000
vn 0.866025 -0.500000 -0.000000
vn -0.965926 -0.258819 0.000000
vn -0.965926 -0.258819 0.000000
vn -1.000000 -0.000000 0.000000
vn -1.000000 -0.000000 0.000000
vn -0.965926 0.258819 -0.000000
vn -0.965926 0.258819 -0.000000
vn -0.866025 0.500000 -0.000000
vn -0.866025 0.500000 -0.000000
vn -0.707107 0.707107 -0.000000
vn -0.707107 0.707107 -0.000000
vn -0.500000 0.866025 -0.000000
vn -0.500000 0.866025 -0.000000
vn -0.258819 0.965926 -0.000000
vn -0.258819 0.965926 -0.000000
vn 0.000000 1.000000 -0.000000
vn 0.000000 1.000000 -0.000000
vn 0.258819 0.965926 -0.000000
vn 0.258819 0.965926 -0.000000
vn 0.500000 0.866025 -0.000000
vn 0.500000 0.866025 -0.000000
vn 0.707107 0.707107 -0.000000
vn 0.707107 0.707107 -0.000000
vn 0.866025 0.500000 -0.000000
vn 0.866025 0.500000 -0.000000
vn 0.965926 0.258819 -0.000000
vn 0.965926 0.258819 -0.000000
vn 1.000000 -0.000000 -0.000000
vn 1.000000 -0.000000 -0.000000
vn 0.965926 -0.258819 -0.000000
vn 0.965926 -0.258819 -0.000000
vn 0.866025 -0.500000 -0.000000
vn 0.866025 -0.500000 -0.000000
vn 0.707107 -0.707107 -0.000000
vn 0.707107 -0.707107 -0.000000
vn 0.500000 -0.866025 -0.000000
vn 0.500000 -0.866025 -0.000000
vn 0.258819 -0.965926 -0.000000
vn 0.258819 -0.965926 -0.000000
vn 0.000000 -1.000000 -0.000000
vn 0.000000 -1.000000 -0.000000
vn -0.258819 -0.965926 0.000000
vn -0.258819 -0.965926 0.000000
vn -0.500000 -0.866025 0.000000
vn -0.500000 -0.866025 0.000000
vn -0.707107 -0.707107 0.000000
vn -0.707107 -0.707107 0.000000
vn -0.866025 -0.500000 0.000000
vn -0.866025 -0.500000 0.000000
vn 0.965926 -0.258819 -0.000000
vn 0.965926 -0.258819 -0.000000
vn 1.000000 -0.000000 -0.000000
vn 1.000000 -0.000000 -0.000000
vn 0.965926 0.258819 -0.000000
vn 0.965926 0.258819 -0.000000
vn 0.866025 0.500000 -0.000000
vn 0.866025 0.500000 -0.000000
vn 0.707107 0.707107 -0.000000
vn 0.707107 0.707107 -0.000000
vn 0.500000 0.866025 -0.000000
vn 0.500000 0.866025 -0.000000
vn 0.258819 0.965926 -0.000000
vn 0.258819 0.965926 -0.000000
vn 0.000000 1.000000 -0.000000
vn 0.000000 1.000000 -0.000000
vn -0.258819 0.965926 -0.000000
vn -0.258819 0.965926 -0.000000
vn -0.500000 0.866025 -0.000000
vn -0.500000 0.866025 -0.000000
vn -0.707107 0.707107 -0.000000
vn -0.707107 0.707107 -0.000000
vn -0.866025 0.500000 -0.000000
vn -0.866025 0.500000 -0.000000
vn -0.965926 0.258819 -0.000000
vn -0.965926 0.258819 -0.000000
vn -1.000000 0.000000 -0.000000
vn -1.000000 0.000000 -0.000000
vn -0.965926 -0.258819 0.000000
vn -0.965926 -0.258819 0.000000
vn -0.866025 -0.500000 0.000000
vn -0.866025 -0.500000 0.000000
vn -0.707107 -0.707107 0.000000
vn -0.707107 -0.707107 0.000000
vn -0.500000 -0.866025 0.000000
vn -0.500000 -0.866025 0.000000
vn -0.258819 -0.965926 0.000000
vn -0.258819 -0.965926 0.000000
vn 0.000000 -1.000000 -0.000000
vn 0.000000 -1.000000 -0.000000
vn 0.258819 -0.965926 -0.000000
vn 0.258819 -0.965926 -0.000000
vn 0.500000 -0.866025 -0.000000
vn 0.500000 -0.866025 -0.000000
vn 0.707107 -0.707107 -0.000000
vn 0.707107 -0.707107 -0.000000
vn 0.866025 -0.500000 -0.000000
vn 0.866025 -0.500000 -0.000000
vn -0.965926 -0.258819 0.000000
vn -0.965926 -0.258819 0.000000
vn -1.000000 -0.000000 0.000000
vn -1.000000 -0.000000 0.000000
vn -0.965926 0.258819 -0.000000
vn -0.965926 0.258819 -0.000000
vn -0.866025 0.500000 -0.000000
vn -0.866025 0.500000 -0.000000
vn -0.707107 0.707107 -0.000000
vn -0.707107 0.707107 -0.000000
vn -0.500000 0.866025 -0.000000
vn -0.500000 0.866025 -0.000000
vn -0.258819 0.965926 -0.000000
vn -0.258819 0.965926 -0.000000
vn 0.000000 1.000000 -0.000000
vn 0.000000 1.000000 -0.000000
vn 0.258819 0.965926 -0.000000
vn 0.258819 0.965926 -0.000000
vn 0.500000 0.866025 -0.000000
vn 0.500000 0.866025 -0.000000
vn 0.707107 0.707107 -0.000000
vn 0.707107 0.707107 -0.000000
vn 0.866025 0.500000 -0.000000
vn 0.866025 0.500000 -0.000000
vn 0.965926 0.258819 -0.000000
vn 0.965926 0.258819 -0.000000
vn 1.000000 -0.000000 -0.000000
vn 1.000000 -0.000000 -0.000000
vn 0.965926 -0.258819 -0.000000
vn 0.965926 -0.258819 -0.000000
vn 0.866025 -0.500000 -0.000000
vn 0.866025 -0.500000 -0.000000
vn 0.707107 -0.707107 -0.000000
vn 0.707107 -0.707107 -0.000000
vn 0.500000 -0.866025 -0.000000
vn 0.500000 -0.866025 -0.000000
vn 0.258819 -0.965926 -0.000000
vn 0.258819 -0.965926 -0.000000
vn 0.000000 -1.000000 -0.000000
vn 0.000000 -1.000000 -0.000000
vn -0.258819 -0.965926 0.000000
vn -0.258819 -0.965926 0.000000
vn -0.500000 -0.866025 0.000000
vn -0.500000 -0.866025 0.000000
vn -0.707107 -0.707107 0.000000
vn -0.707107 -0.707107 0.000000
vn -0.866025 -0.500000 0.000000
vn -0.866025 -0.500000 0.000000
vn 0.965926 -0.258819 -0.000000
vn 0.965926 -0.258819 -0.000000
vn 1.000000 -0.000000 -0.000000
vn 1.000000 -0.000000 -0.000000
vn 0.965926 0.258819 -0.000000
vn 0.965926 0.258819 -0.000000
vn 0.866025 0.500000 -0.000000
vn 0.866025 0.500000 -0.000000
vn 0.707107 0.707107 -0.000000
vn 0.707107 0.707107 -0.000000
vn 0.500000 0.866025 -0.000000
vn 0.500000 0.866025 -0.000000
vn 0.258819 0.965926 -0.000000
vn 0.258819 0.965926 -0.000000
vn 0.000000 1.000000 -0.000000
vn 0.000000 1.000000 -0.000000
vn -0.258819 0.965926 -0.000000
vn -0.258819 0.965926 -0.000000
vn -0.500000 0.866025 -0.000000
vn -0.500000 0.866025 -0.000000
vn -0.707107 0.707107 -0.000000
vn -0.707107 0.707107 -0.000000
vn -0.866025 0.500000 -0.000000
vn -0.866025 0.500000 -0.000000
vn -0.965926 0.258819 -0.000000
vn -0.965926 0.258819 -0.000000
vn -1.000000 0.000000 -0.000000
vn -1.000000 0.000000 -0.000000
vn -0.965926 -0.258819 0.000000
vn -0.965926 -0.258819 0.000000
vn -0.866025 -0.500000 0.000000
vn -0.866025 -0.500000 0.000000
vn -0.707107 -0.707107 0.000000
vn -0.707107 -0.707107 0.000000
vn -0.500000 -0.866025 0.000000
vn -0.500000 -0.866025 0.000000
vn -0.258819 -0.965926 0.000000
vn -0.258819 -0.965926 0.000000
vn 0.000000 -1.000000 -0.000000
vn 0.000000 -1.000000 -0.000000
vn 0.258819 -0.965926 -0.000000
vn 0.258819 -0.965926 -0.000000
vn 0.500000 -0.866025 -0.000000
vn 0.500000 -0.866025 -0.000000
vn 0.707107 -0.707107 -0.000000
vn 0.707107 -0.707107 -0.000000
vn 0.866025 -0.500000 -0.000000
vn 0.866025 -0.500000 -0.000000
vn -0.965926 -0.258819 0.000000
vn -0.965926 -0.258819 0.000000
vn -1.000000 -0.000000 0.000000
vn -1.000000 -0.000000 0.000000
vn -0.965926 0.258819 -0.000000
vn -0.965926 0.258819 -0.000000
vn -0.866025 0.500000 -0.000000
vn -0.866025 0.500000 -0.000000
vn -0.707107 0.707107 -0.000000
vn -0.707107 0.707107 -0.000000
vn -0.500000 0.866025 -0.000000
vn -0.500000 0.866025 -0.000000
vn -0.258819 0.965926 -0.000000
vn -0.258819 0.965926 -0.000000
vn 0.000000 1.000000 -0.000000
vn 0.000000 1.000000 -0.000000
vn 0.258819 0.965926 -0.000000
vn 0.258819 0.965926 -0.000000
vn 0.500000 0.866025 -0.000000
vn 0.500000 0.866025 -0.000000
vn 0.707107 0.707107 -0.000000
vn 0.707107 0.707107 -0.000000
vn 0.866025 0.500000 -0.000000
vn 0.866025 0.500000 -0.000000
vn 0.965926 0.258819 -0.000000
vn 0.965926 0.258819 -0.000000
vn 1.000000 -0.000000 -0.000000
vn 1.000000 -0.000000 -0.000000
vn 0.965926 -0.258819 -0.000000
vn 0.965926 -0.258819 -0.000000
vn 0.866025 -0.500000 -0.000000
vn 0.866025 -0.500000 -0.000000
vn 0.707107 -0.707107 -0.000000
vn 0.707107 -0.707107 -0.000000
vn 0.500000 -0.866025 -0.000000
vn 0.500000 -0.866025 -0.000000
vn 0.258819 -0.965926 -0.000000
vn 0.258819 -0.965926 -0.000000
vn 0.000000 -1.000000 -0.000000
vn 0.000000 -1.000000 -0.000000
vn -0.258819 -0.965926 0.000000
vn -0.258819 -0.965926 0.000000
vn -0.500000 -0.866025 0.000000
vn -0.500000 -0.866025 0.000000
vn -0.707107 -0.707107 0.000000
vn -0.707107 -0.707107 0.000000
vn -0.866025 -0.500000 0.000000
vn -0.866025 -0.500000 0.000000
vn 0.965926 -0.258819 -0.000000
vn 0.965926 -0.258819 -0.000000
vn 1.000000 -0.000000 -0.000000
vn 1.000000 -0.000000 -0.000000
vn 0.965926 0.258819 -0.000000
vn 0.965926 0.258819 -0.000000
vn 0.866025 0.500000 -0.000000
vn 0.866025 0.500000 -0.000000
vn 0.707107 0.707107 -0.000000
vn 0.707107 0.707107 -0.000000
vn 0.500000 0.866025 -0.000000
vn 0.500000 0.866025 -0.000000
vn 0.258819 0.965926 -0.000000
vn 0.258819 0.965926 -0.000000
vn 0.000000 1.000000 -0.000000
vn 0.000000 1.000000 -0.000000
vn -0.258819 0.965926 -0.000000
vn -0.258819 0.965926 -0.000000
vn -0.500000 0.866025 -0.000000
vn -0.500000 0.866025 -0.000000
vn -0.707107 0.707107 -0.000000
vn -0.707107 0.707107 -0.000000
vn -0.866025 0.500000 -0.000000
vn -0.866025 0.500000 -0.000000
vn -0.965926 0.258819 -0.000000
vn -0.965926 0.258819 -0.000000
vn -1.000000 0.000000 -0.000000
vn -1.000000 0.000000 -0.000000
vn -0.965926 -0.258819 0.000000
vn -0.965926 -0.258819 0.000000
vn -0.866025 -0.500000 0.000000
vn -0.866025 -0.500000 0.000000
vn -0.707107 -0.707107 0.000000
vn -0.707107 -0.707107 0.000000
vn -0.500000 -0.866025 0.000000
vn -0.500000 -0.866025 0.000000
vn -0.258819 -0.965926 0.000000
vn -0.258819 -0.965926 0.000000
vn 0.000000 -1.000000 -0.000000
vn 0.000000 -1.000000 -0.000000
vn 0.258819 -0.965926 -0.000000
vn 0.258819 -0.965926 -0.000000
vn 0.500000 -0.866025 -0.000000
vn 0.500000 -0.866025 -0.000000
vn 0.707107 -0.707107 -0.000000
vn 0.707107 -0.707107 -0.000000
vn 0.866025 -0.500000 -0.000000
vn 0.866025 -0.500000 -0.000000
vn -0.965926 -0.258819 0.000000
vn -0.965926 -0.258819 0.000000
vn -1.000000 -0.000000 0.000000
vn -1.000000 -0.000000 0.000000
vn -0.965926 0.258819 -0.000000
vn -0.965926 0.258819 -0.000000
vn -0.866025 0.500000 -0.000000
vn -0.866025 0.500000 -0.000000
vn -0.707107 0.707107 -0.000000
vn -0.707107 0.707107 -0.000000
vn -0.500000 0.866025 -0.000000
vn -0.500000 0.866025 -0.000000
vn -0.258819 0.965926 -0.000000
vn -0.258819 0.965926 -0.000000
vn 0.000000 1.000000 -0.000000
vn 0.000000 1.000000 -0.000000
vn 0.258819 0.965926 -0.000000
vn 0.258819 0.965926 -0.000000
vn 0.500000 0.866025 -0.000000
vn 0.500000 0.866025 -0.000000
vn 0.707107 0.707107 -0.000000
vn 0.707107 0.707107 -0.000000
vn 0.866025 0.500000 -0.000000
vn 0.866025 0.500000 -0.000000
vn 0.965926 0.258819 -0.000000
vn 0.965926 0.258819 -0.000000
vn 1.000000 -0.000000 -0.000000
vn 1.000000 -0.000000 -0.000000
vn 0.965926 -0.258819 -0.000000
vn 0.965926 -0.258819 -0.000000
vn 0.866025 -0.500000 -0.000000
vn 0.866025 -0.500000 -0.000000
vn 0.707107 -0.707107 -0.000000
vn 0.707107 -0.707107 -0.000000
vn 0.500000 -0.866025 -0.000000
vn 0.500000 -0.866025 -0.000000
vn 0.258819 -0.965926 -0.000000
vn 0.258819 -0.965926 -0.000000
vn 0.000000 -1.000000 -0.000000
vn 0.000000 -1.000000 -0.000000
vn -0.258819 -0.965926 0.000000
vn -0.258819 -0.965926 0.000000
vn -0.500000 -0.866025 0.000000
vn -0.500000 -0.866025 0.000000
vn -0.707107 -0.707107 0.000000
vn -0.707107 -0.707107 0.000000
vn -0.866025 -0.500000 0.000000
vn -0.866025 -0.500000 0.000000
vn 0.000000 -1.000000 0.000000
vn 0.000000 -1.000000 0.000000
vn 0.000000 -1.000000 0.000000
vn 0.000000 -1.000000 0.000000
vn 0.000000 -1.000000 0.000000
vn 0.000000 -1.000000 0.000000
vn 0.000000 -1.000000 0.000000
vn 0.000000 -1.000000 0.000000
vn 0.000000 -1.000000 0.000000
vn 0.000000 -1.000000 0.000000
vn 1.000000 -0.000000 0.000000
vn 1.000000 -0.000000 0.000000
vn 1.000000 -0.000000 0.000000
vn 1.000000 -0.000000 0.000000
vn -0.000000 -0.000000 -1.000000
vn -0.000000 -0.000000 -1.000000
vn -0.000000 -0.000000 -1.000000
vn -0.000000 -0.000000 -1.000000
usemtl Steel_-_Satin
f 2/1/1 3/2/2 1/3/3
f 1/3/3 3/2/2 4/4/4
f 5/5/5 6/6/6 8/7/7
f 8/7/7 6/6/6 7/8/8
f 9/9/9 10/10/10 3/11/11
f 3/11/11 10/10/10 4/12/12
f 11/13/13 12/14/14 8/15/15
f 8/15/15 12/14/14 5/16/16
f 5/16/16 12/14/14 13/17/17
f 5/16/16 13/17/17 10/18/18
f 10/18/18 13/17/17 4/19/19
f 4/19/19 13/17/17 1/20/20
f 11/21/21 8/22/22 14/23/23
f 14/23/23 8/22/22 7/24/24
f 6/25/25 5/26/26 32/27/27
f 32/27/27 5/26/26 27/28/28
f 32/27/27 27/28/28 31/29/29
f 31/29/29 27/28/28 28/30/30
f 31/29/29 28/30/30 29/31/31
f 5/26/26 10/32/32 27/28/28
f 27/28/28 10/32/32 26/33/33
f 26/33/33 10/32/32 15/34/34
f 26/33/33 15/34/34 16/35/35
f 10/32/32 9/36/36 15/34/34
f 17/37/37 19/38/38 16/35/35
f 16/35/35 19/38/38 25/39/39
f 16/35/35 25/39/39 26/33/33
f 17/37/37 18/40/40 19/38/38
f 19/38/38 20/41/41 25/39/39
f 25/39/39 20/41/41 21/42/42
f 25/39/39 21/42/42 22/43/43
f 22/43/43 23/44/44 25/39/39
f 25/39/39 23/44/44 24/45/45
f 29/31/31 30/46/46 31/29/29
f 9/47/47 3/48/48 15/49/49
f 15/49/49 3/48/48 34/50/50
f 34/50/50 3/48/48 33/51/51
f 33/51/51 3/48/48 2/52/52
f 2/53/53 1/54/54 33/55/55
f 33/55/55 1/54/54 36/56/56
f 36/56/56 1/54/54 35/57/57
f 35/57/57 1/54/54 13/58/58
f 13/59/59 12/60/60 35/61/61
f 35/61/61 12/60/60 37/62/62
f 14/63/63 38/64/64 11/65/65
f 11/65/65 38/64/64 39/66/66
f 11/65/65 39/66/66 37/67/67
f 37/67/67 12/68/68 11/65/65
f 6/69/69 32/70/70 7/71/71
f 7/71/71 32/70/70 40/72/72
f 7/71/71 40/72/72 38/73/73
f 38/73/73 14/74/74 7/71/71
f 41/75/75 42/76/76 75/77/77
f 75/77/77 42/76/76 76/78/78
f 75/77/77 76/78/78 74/79/79
f 74/79/79 76/78/78 77/80/80
f 74/79/79 77/80/80 73/81/81
f 73/81/81 77/80/80 78/82/82
f 73/81/81 78/82/82 72/83/83
f 72/83/83 78/82/82 71/84/84
f 71/84/84 78/82/82 79/85/85
f 71/84/84 79/85/85 70/86/86
f 70/86/86 79/85/85 80/87/87
f 70/86/86 80/87/87 69/88/88
f 69/88/88 80/87/87 68/89/89
f 68/89/89 80/87/87 67/90/90
f 67/90/90 80/87/87 85/91/91
f 67/90/90 85/91/91 66/92/92
f 66/92/92 85/91/91 90/93/93
f 66/92/92 90/93/93 65/94/94
f 65/94/94 90/93/93 95/95/95
f 65/94/94 95/95/95 64/96/96
f 64/96/96 95/95/95 100/97/97
f 64/96/96 100/97/97 63/98/98
f 63/98/98 100/97/97 105/99/99
f 63/98/98 105/99/99 62/100/100
f 62/100/100 105/99/99 110/101/101
f 62/100/100 110/101/101 61/102/102
f 61/102/102 110/101/101 115/103/103
f 61/102/102 115/103/103 60/104/104
f 60/104/104 115/103/103 57/105/105
f 60/104/104 57/105/105 59/106/106
f 59/106/106 57/105/105 58/107/107
f 42/76/76 43/108/108 76/78/78
f 76/78/78 43/108/108 81/109/109
f 76/78/78 81/109/109 82/110/110
f 82/110/110 81/109/109 87/111/111
f 82/110/110 87/111/111 88/112/112
f 88/112/112 87/111/111 93/113/113
f 88/112/112 93/113/113 94/114/114
f 94/114/114 93/113/113 99/115/115
f 94/114/114 99/115/115 100/97/97
f 100/97/97 99/115/115 105/99/99
f 43/108/108 44/116/116 81/109/109
f 81/109/109 44/116/116 86/117/117
f 81/109/109 86/117/117 87/111/111
f 87/111/111 86/117/117 92/118/118
f 87/111/111 92/118/118 93/113/113
f 93/113/113 92/118/118 98/119/119
f 93/113/113 98/119/119 99/115/115
f 99/115/115 98/119/119 104/120/120
f 99/115/115 104/120/120 105/99/99
f 105/99/99 104/120/120 110/101/101
f 44/116/116 45/121/121 86/117/117
f 86/117/117 45/121/121 91/122/122
f 86/117/117 91/122/122 92/118/118
f 92/118/118 91/122/122 97/123/123
f 92/118/118 97/123/123 98/119/119
f 98/119/119 97/123/123 103/124/124
f 98/119/119 103/124/124 104/120/120
f 104/120/120 103/124/124 109/125/125
f 104/120/120 109/125/125 110/101/101
f 110/101/101 109/125/125 115/103/103
f 45/121/121 46/126/126 91/122/122
f 91/122/122 46/126/126 96/127/127
f 91/122/122 96/127/127 97/123/123
f 97/123/123 96/127/127 102/128/128
f 97/123/123 102/128/128 103/124/124
f 103/124/124 102/128/128 108/129/129
f 103/124/124 108/129/129 109/125/125
f 109/125/125 108/129/129 114/130/130
f 109/125/125 114/130/130 115/103/103
f 115/103/103 114/130/130 55/131/131
f 115/103/103 55/131/131 57/105/105
f 57/105/105 55/131/131 56/132/132
f 46/126/126 47/133/133 96/127/127
f 96/127/127 47/133/133 101/134/134
f 96/127/127 101/134/134 102/128/128
f 102/128/128 101/134/134 107/135/135
f 102/128/128 107/135/135 108/129/129
f 108/129/129 107/135/135 113/136/136
f 108/129/129 113/136/136 114/130/130
f 114/130/130 113/136/136 55/131/131
f 47/133/133 48/137/137 101/134/134
f 101/134/134 48/137/137 106/138/138
f 101/134/134 106/138/138 107/135/135
f 107/135/135 106/138/138 112/139/139
f 107/135/135 112/139/139 113/136/136
f 113/136/136 112/139/139 52/140/140
f 113/136/136 52/140/140 53/141/141
f 48/137/137 49/142/142 106/138/138
f 106/138/138 49/142/142 111/143/143
f 106/138/138 111/143/143 112/139/139
f 112/139/139 111/143/143 52/140/140
f 49/142/142 50/144/144 111/143/143
f 111/143/143 50/144/144 51/145/145
f 111/143/143 51/145/145 52/140/140
f 53/141/141 54/146/146 113/136/136
f 113/136/136 54/146/146 55/131/131
f 76/78/78 82/110/110 77/80/80
f 77/80/80 82/110/110 83/147/147
f 77/80/80 83/147/147 78/82/82
f 78/82/82 83/147/147 84/148/148
f 78/82/82 84/148/148 79/85/85
f 79/85/85 84/148/148 85/91/91
f 79/85/85 85/91/91 80/87/87
f 82/110/110 88/112/112 83/147/147
f 83/147/147 88/112/112 89/149/149
f 83/147/147 89/149/149 84/148/148
f 84/148/148 89/149/149 90/93/93
f 84/148/148 90/93/93 85/91/91
f 95/95/95 90/93/93 89/149/149
f 95/95/95 89/149/149 94/114/114
f 94/114/114 89/149/149 88/112/112
f 100/97/97 95/95/95 94/114/114
f 68/150/89 116/151/150 69/152/151
f 69/152/151 116/151/150 117/153/152
f 69/152/151 117/153/152 70/154/153
f 70/154/153 117/153/152 118/155/154
f 70/154/153 118/155/154 71/156/155
f 71/156/155 118/155/154 119/157/156
f 71/156/155 119/157/156 72/158/157
f 72/158/157 119/157/156 73/159/158
f 73/159/158 119/157/156 120/160/159
f 73/159/158 120/160/159 74/161/160
f 74/161/160 120/160/159 121/162/161
f 74/161/160 121/162/161 75/163/162
f 120/164/163 116/165/164 121/166/165
f 121/166/165 116/165/164 122/167/166
f 121/166/165 122/167/166 23/168/167
f 23/168/167 122/167/166 24/169/168
f 24/169/168 122/167/166 123/170/169
f 24/169/168 123/170/169 124/171/170
f 120/164/163 119/172/171 116/165/164
f 116/165/164 119/172/171 118/173/172
f 116/165/164 118/173/172 117/174/173
f 124/171/170 125/175/174 24/169/168
f 24/169/168 125/175/174 140/176/175
f 140/176/175 125/175/174 126/177/176
f 140/176/175 126/177/176 127/178/177
f 127/178/177 128/179/178 140/176/175
f 140/176/175 128/179/178 129/180/179
f 140/176/175 129/180/179 130/181/180
f 131/182/181 136/183/182 130/181/180
f 130/181/180 136/183/182 137/184/183
f 130/181/180 137/184/183 140/176/175
f 140/176/175 137/184/183 138/185/184
f 140/176/175 138/185/184 139/186/185
f 132/187/186 133/188/187 131/182/181
f 131/182/181 133/188/187 134/189/188
f 131/182/181 134/189/188 135/190/189
f 135/190/189 136/183/182 131/182/181
f 68/191/89 67/192/90 116/193/150
f 116/193/150 67/192/90 122/194/190
f 122/194/190 67/192/90 66/195/92
f 122/194/190 66/195/92 123/196/191
f 123/196/191 66/195/92 65/197/94
f 123/196/191 65/197/94 124/198/192
f 124/198/192 65/197/94 64/199/96
f 124/198/192 64/199/96 125/200/193
f 125/200/193 64/199/96 63/201/98
f 125/200/193 63/201/98 126/202/194
f 126/202/194 63/201/98 62/203/100
f 126/202/194 62/203/100 127/204/195
f 127/204/195 62/203/100 61/205/102
f 127/204/195 61/205/102 128/206/196
f 128/206/196 61/205/102 60/207/104
f 128/206/196 60/207/104 129/208/197
f 129/208/197 60/207/104 59/209/106
f 129/208/197 59/209/106 130/210/198
f 130/210/198 59/209/106 162/211/199
f 130/210/198 162/211/199 163/212/200
f 59/209/106 141/213/201 162/211/199
f 162/211/199 141/213/201 161/214/202
f 161/214/202 141/213/201 142/215/203
f 161/214/202 142/215/203 160/216/204
f 160/216/204 142/215/203 143/217/205
f 160/216/204 143/217/205 159/218/206
f 159/218/206 143/217/205 144/219/207
f 159/218/206 144/219/207 158/220/208
f 158/220/208 144/219/207 145/221/209
f 158/220/208 145/221/209 157/222/210
f 157/222/210 145/221/209 146/223/211
f 157/222/210 146/223/211 156/224/212
f 156/224/212 146/223/211 147/225/213
f 156/224/212 147/225/213 155/226/214
f 155/226/214 147/225/213 148/227/215
f 155/226/214 148/227/215 154/228/216
f 154/228/216 148/227/215 149/229/217
f 154/228/216 149/229/217 153/230/218
f 153/230/218 149/229/217 150/231/219
f 153/230/218 150/231/219 152/232/220
f 152/232/220 150/231/219 151/233/221
f 130/210/198 163/212/200 131/234/222
f 131/234/222 163/212/200 164/235/223
f 131/234/222 164/235/223 165/236/224
f 166/237/225 167/238/226 178/239/227
f 178/239/227 167/238/226 180/240/228
f 178/239/227 180/240/228 177/241/229
f 177/241/229 180/240/228 179/242/230
f 177/241/229 179/242/230 176/243/231
f 176/243/231 179/242/230 175/244/232
f 175/244/232 179/242/230 181/245/233
f 175/244/232 181/245/233 174/246/234
f 174/246/234 181/245/233 182/247/235
f 174/246/234 182/247/235 173/248/236
f 173/248/236 182/247/235 172/249/237
f 173/248/236 172/249/237 151/250/221
f 167/238/226 168/251/238 180/240/228
f 180/240/228 168/251/238 179/242/230
f 168/251/238 169/252/239 179/242/230
f 179/242/230 169/252/239 181/245/233
f 169/252/239 170/253/240 181/245/233
f 181/245/233 170/253/240 171/254/241
f 181/245/233 171/254/241 182/247/235
f 182/247/235 171/254/241 172/249/237
f 151/250/221 150/255/219 173/248/236
f 136/256/242 192/257/243 183/258/244
f 183/258/244 192/257/243 193/259/245
f 183/258/244 193/259/245 194/260/246
f 194/260/246 193/259/245 201/261/247
f 194/260/246 201/261/247 202/262/248
f 202/262/248 201/261/247 209/263/249
f 202/262/248 209/263/249 187/264/250
f 187/264/250 209/263/249 186/265/251
f 186/265/251 209/263/249 185/266/252
f 185/266/252 209/263/249 216/267/253
f 185/266/252 216/267/253 184/268/254
f 184/268/254 216/267/253 165/269/224
f 165/269/224 216/267/253 215/270/255
f 165/269/224 215/270/255 214/271/256
f 214/271/256 215/270/255 207/272/257
f 214/271/256 207/272/257 206/273/258
f 206/273/258 207/272/257 199/274/259
f 206/273/258 199/274/259 198/275/260
f 198/275/260 199/274/259 191/276/261
f 198/275/260 191/276/261 190/277/262
f 190/277/262 191/276/261 136/256/242
f 190/277/262 136/256/242 189/278/263
f 189/278/263 136/256/242 135/279/264
f 189/278/263 135/279/264 196/280/265
f 196/280/265 135/279/264 134/281/266
f 196/280/265 134/281/266 203/282/267
f 203/282/267 134/281/266 133/283/268
f 203/282/267 133/283/268 210/284/269
f 210/284/269 133/283/268 132/285/270
f 210/284/269 132/285/270 131/286/222
f 165/269/224 213/287/271 131/286/222
f 131/286/222 213/287/271 212/288/272
f 131/286/222 212/288/272 211/289/273
f 211/289/273 212/288/272 204/290/274
f 211/289/273 204/290/274 203/282/267
f 203/282/267 204/290/274 196/280/265
f 187/264/250 188/291/275 202/262/248
f 202/262/248 188/291/275 195/292/276
f 202/262/248 195/292/276 194/260/246
f 194/260/246 195/292/276 183/258/244
f 188/291/275 183/258/244 195/292/276
f 192/257/243 136/256/242 191/276/261
f 190/277/262 189/278/263 197/293/277
f 197/293/277 189/278/263 196/280/265
f 197/293/277 196/280/265 204/290/274
f 191/276/261 199/274/259 192/257/243
f 192/257/243 199/274/259 200/294/278
f 192/257/243 200/294/278 193/259/245
f 193/259/245 200/294/278 201/261/247
f 190/277/262 197/293/277 198/275/260
f 198/275/260 197/293/277 205/295/279
f 198/275/260 205/295/279 206/273/258
f 206/273/258 205/295/279 213/287/271
f 206/273/258 213/287/271 214/271/256
f 214/271/256 213/287/271 165/269/224
f 205/295/279 197/293/277 204/290/274
f 199/274/259 207/272/257 200/294/278
f 200/294/278 207/272/257 208/296/280
f 200/294/278 208/296/280 201/261/247
f 201/261/247 208/296/280 209/263/249
f 211/289/273 203/282/267 210/284/269
f 213/287/271 205/295/279 212/288/272
f 212/288/272 205/295/279 204/290/274
f 216/267/253 209/263/249 208/296/280
f 216/267/253 208/296/280 215/270/255
f 215/270/255 208/296/280 207/272/257
f 131/286/222 211/289/273 210/284/269
f 183/297/244 218/298/281 167/299/226
f 167/299/226 218/298/281 219/300/282
f 167/299/226 219/300/282 168/301/283
f 168/301/283 219/300/282 222/302/284
f 168/301/283 222/302/284 169/303/285
f 169/303/285 222/302/284 225/304/286
f 169/303/285 225/304/286 170/305/287
f 170/305/287 225/304/286 171/306/288
f 171/306/288 225/304/286 228/307/289
f 171/306/288 228/307/289 172/308/290
f 172/308/290 228/307/289 231/309/291
f 172/308/290 231/309/291 151/310/292
f 151/310/292 231/309/291 152/311/293
f 152/311/293 231/309/291 153/312/294
f 153/312/294 231/309/291 230/313/295
f 153/312/294 230/313/295 164/314/296
f 164/314/296 230/313/295 229/315/297
f 164/314/296 229/315/297 165/316/298
f 165/316/298 229/315/297 184/317/299
f 184/317/299 229/315/297 226/318/300
f 184/317/299 226/318/300 185/319/301
f 185/319/301 226/318/300 223/320/302
f 185/319/301 223/320/302 186/321/303
f 186/321/303 223/320/302 187/322/304
f 187/322/304 223/320/302 220/323/305
f 187/322/304 220/323/305 188/324/306
f 188/324/306 220/323/305 217/325/307
f 188/324/306 217/325/307 183/297/244
f 183/297/244 217/325/307 218/298/281
f 164/314/296 163/326/308 153/312/294
f 222/302/284 219/300/282 218/298/281
f 218/298/281 217/325/307 221/327/309
f 221/327/309 217/325/307 220/323/305
f 221/327/309 220/323/305 224/328/310
f 224/328/310 220/323/305 223/320/302
f 224/328/310 223/320/302 227/329/311
f 227/329/311 223/320/302 226/318/300
f 227/329/311 226/318/300 230/313/295
f 230/313/295 226/318/300 229/315/297
f 225/304/286 222/302/284 221/327/309
f 221/327/309 222/302/284 218/298/281
f 225/304/286 221/327/309 224/328/310
f 228/307/289 225/304/286 224/328/310
f 228/307/289 224/328/310 227/329/311
f 231/309/291 228/307/289 227/329/311
f 231/309/291 227/329/311 230/313/295
f 173/330/312 150/331/219 250/332/313
f 250/332/313 150/331/219 149/333/217
f 250/332/313 149/333/217 255/334/314
f 255/334/314 149/333/217 148/335/215
f 255/334/314 148/335/215 260/336/315
f 260/336/315 148/335/215 147/337/213
f 260/336/315 147/337/213 265/338/316
f 265/338/316 147/337/213 146/339/211
f 265/338/316 146/339/211 270/340/317
f 270/340/317 146/339/211 145/341/209
f 270/340/317 145/341/209 275/342/318
f 275/342/318 145/341/209 144/343/207
f 275/342/318 144/343/207 280/344/319
f 280/344/319 144/343/207 143/345/205
f 280/344/319 143/345/205 285/346/320
f 285/346/320 143/345/205 142/347/203
f 285/346/320 142/347/203 234/348/321
f 234/348/321 142/347/203 233/349/322
f 233/349/322 142/347/203 232/350/323
f 232/350/323 142/347/203 141/351/201
f 234/348/321 235/352/324 285/346/320
f 285/346/320 235/352/324 236/353/325
f 285/346/320 236/353/325 286/354/326
f 286/354/326 236/353/325 237/355/327
f 286/354/326 237/355/327 287/356/328
f 287/356/328 237/355/327 238/357/329
f 287/356/328 238/357/329 288/358/330
f 288/358/330 238/357/329 239/359/331
f 288/358/330 239/359/331 289/360/332
f 289/360/332 239/359/331 240/361/333
f 289/360/332 240/361/333 241/362/334
f 289/360/332 241/362/334 284/363/335
f 284/363/335 241/362/334 242/364/336
f 284/363/335 242/364/336 279/365/337
f 279/365/337 242/364/336 243/366/338
f 279/365/337 243/366/338 274/367/339
f 274/367/339 243/366/338 244/368/340
f 274/367/339 244/368/340 269/369/341
f 269/369/341 244/368/340 245/370/342
f 269/369/341 245/370/342 264/371/343
f 264/371/343 245/370/342 246/372/344
f 264/371/343 246/372/344 259/373/345
f 259/373/345 246/372/344 247/374/346
f 259/373/345 247/374/346 254/375/347
f 254/375/347 247/374/346 248/376/348
f 254/375/347 248/376/348 166/377/349
f 166/377/349 248/376/348 249/378/350
f 166/377/349 178/379/351 254/375/347
f 254/375/347 178/379/351 177/380/352
f 254/375/347 177/380/352 253/381/353
f 253/381/353 177/380/352 176/382/354
f 253/381/353 176/382/354 252/383/355
f 252/383/355 176/382/354 174/384/356
f 252/383/355 174/384/356 251/385/357
f 251/385/357 174/384/356 173/330/312
f 251/385/357 173/330/312 250/332/313
f 176/382/354 175/386/358 174/384/356
f 251/385/357 250/332/313 256/387/359
f 256/387/359 250/332/313 255/334/314
f 256/387/359 255/334/314 261/388/360
f 261/388/360 255/334/314 260/336/315
f 261/388/360 260/336/315 266/389/361
f 266/389/361 260/336/315 265/338/316
f 266/389/361 265/338/316 271/390/362
f 271/390/362 265/338/316 270/340/317
f 271/390/362 270/340/317 276/391/363
f 276/391/363 270/340/317 275/342/318
f 276/391/363 275/342/318 281/392/364
f 281/392/364 275/342/318 280/344/319
f 281/392/364 280/344/319 286/354/326
f 286/354/326 280/344/319 285/346/320
f 252/383/355 251/385/357 257/393/365
f 257/393/365 251/385/357 256/387/359
f 257/393/365 256/387/359 262/394/366
f 262/394/366 256/387/359 261/388/360
f 262/394/366 261/388/360 267/395/367
f 267/395/367 261/388/360 266/389/361
f 267/395/367 266/389/361 272/396/368
f 272/396/368 266/389/361 271/390/362
f 272/396/368 271/390/362 277/397/369
f 277/397/369 271/390/362 276/391/363
f 277/397/369 276/391/363 282/398/370
f 282/398/370 276/391/363 281/392/364
f 282/398/370 281/392/364 287/356/328
f 287/356/328 281/392/364 286/354/326
f 259/373/345 254/375/347 253/381/353
f 253/381/353 252/383/355 258/399/371
f 258/399/371 252/383/355 257/393/365
f 258/399/371 257/393/365 263/400/372
f 263/400/372 257/393/365 262/394/366
f 263/400/372 262/394/366 268/401/373
f 268/401/373 262/394/366 267/395/367
f 268/401/373 267/395/367 273/402/374
f 273/402/374 267/395/367 272/396/368
f 273/402/374 272/396/368 278/403/375
f 278/403/375 272/396/368 277/397/369
f 278/403/375 277/397/369 283/404/376
f 283/404/376 277/397/369 282/398/370
f 283/404/376 282/398/370 288/358/330
f 288/358/330 282/398/370 287/356/328
f 264/371/343 259/373/345 258/399/371
f 258/399/371 259/373/345 253/381/353
f 264/371/343 258/399/371 263/400/372
f 269/369/341 264/371/343 263/400/372
f 269/369/341 263/400/372 268/401/373
f 274/367/339 269/369/341 268/401/373
f 274/367/339 268/401/373 273/402/374
f 279/365/337 274/367/339 273/402/374
f 279/365/337 273/402/374 278/403/375
f 284/363/335 279/365/337 278/403/375
f 284/363/335 278/403/375 283/404/376
f 289/360/332 284/363/335 283/404/376
f 289/360/332 283/404/376 288/358/330
f 136/405/242 183/406/244 137/407/377
f 137/407/377 183/406/244 322/408/378
f 322/408/378 183/406/244 314/409/379
f 322/408/378 314/409/379 315/410/380
f 167/411/226 297/412/381 183/406/244
f 183/406/244 297/412/381 298/413/382
f 183/406/244 298/413/382 299/414/383
f 166/415/225 249/416/384 167/411/226
f 167/411/226 249/416/384 290/417/385
f 167/411/226 290/417/385 291/418/386
f 291/418/386 292/419/387 167/411/226
f 167/411/226 292/419/387 293/420/388
f 167/411/226 293/420/388 294/421/389
f 294/421/389 295/422/390 167/411/226
f 167/411/226 295/422/390 296/423/391
f 167/411/226 296/423/391 297/412/381
f 300/424/392 313/425/393 299/414/383
f 299/414/383 313/425/393 314/409/379
f 299/414/383 314/409/379 183/406/244
f 313/425/393 300/424/392 312/426/394
f 312/426/394 300/424/392 301/427/395
f 312/426/394 301/427/395 311/428/396
f 311/428/396 301/427/395 302/429/397
f 311/428/396 302/429/397 310/430/398
f 310/430/398 302/429/397 303/431/399
f 310/430/398 303/431/399 309/432/400
f 309/432/400 303/431/399 304/433/401
f 309/432/400 304/433/401 308/434/402
f 308/434/402 304/433/401 305/435/403
f 308/434/402 305/435/403 307/436/404
f 307/436/404 305/435/403 306/437/405
f 315/410/380 316/438/406 322/408/378
f 322/408/378 316/438/406 28/439/407
f 28/439/407 316/438/406 317/440/408
f 28/439/407 317/440/408 318/441/409
f 318/441/409 319/442/410 28/439/407
f 28/439/407 319/442/410 320/443/411
f 28/439/407 320/443/411 321/444/412
f 321/444/412 29/445/413 28/439/407
f 249/446/350 248/447/348 290/448/414
f 290/448/414 248/447/348 324/449/415
f 324/449/415 248/447/348 247/450/346
f 324/449/415 247/450/346 246/451/344
f 246/451/344 245/452/342 324/449/415
f 324/449/415 245/452/342 244/453/340
f 324/449/415 244/453/340 323/454/416
f 323/454/416 244/453/340 243/455/338
f 323/454/416 243/455/338 242/456/336
f 242/456/336 241/457/334 323/454/416
f 323/454/416 241/457/334 240/458/333
f 153/459/294 163/460/308 154/461/417
f 154/461/417 163/460/308 162/462/418
f 154/461/417 162/462/418 161/463/419
f 154/461/417 161/463/419 155/464/420
f 155/464/420 161/463/419 160/465/421
f 155/464/420 160/465/421 156/466/422
f 156/466/422 160/465/421 159/467/423
f 156/466/422 159/467/423 157/468/424
f 157/468/424 159/467/423 158/469/425
f 141/470/426 59/471/427 232/472/428
f 232/472/428 59/471/427 58/473/429
f 232/472/428 58/473/429 233/474/430
f 233/474/430 58/473/429 57/475/431
f 233/474/430 57/475/431 234/476/432
f 234/476/432 57/475/431 56/477/433
f 234/476/432 56/477/433 235/478/434
f 235/478/434 56/477/433 55/479/435
f 235/478/434 55/479/435 236/480/436
f 236/480/436 55/479/435 54/481/437
f 236/480/436 54/481/437 237/482/438
f 237/482/438 54/481/437 53/483/439
f 237/482/438 53/483/439 238/484/440
f 238/484/440 53/483/439 52/485/441
f 238/484/440 52/485/441 239/486/442
f 239/486/442 52/485/441 51/487/443
f 239/486/442 51/487/443 240/488/444
f 240/488/444 51/487/443 50/489/445
f 240/488/444 50/489/445 326/490/446
f 326/490/446 50/489/445 325/491/447
f 240/488/444 326/490/446 323/492/448
f 323/492/448 326/490/446 327/493/449
f 323/492/448 327/493/449 335/494/450
f 335/494/450 327/493/449 480/495/451
f 335/494/450 480/495/451 481/496/452
f 328/497/453 329/498/454 327/493/449
f 327/493/449 329/498/454 503/499/455
f 327/493/449 503/499/455 480/495/451
f 330/500/456 415/501/457 329/498/454
f 329/498/454 415/501/457 509/502/458
f 329/498/454 509/502/458 510/503/459
f 34/504/460 386/505/461 330/500/456
f 330/500/456 386/505/461 430/506/462
f 330/500/456 430/506/462 431/507/463
f 33/508/464 354/509/465 34/504/460
f 34/504/460 354/509/465 355/510/466
f 34/504/460 355/510/466 401/511/467
f 401/511/467 355/510/466 400/512/468
f 400/512/468 355/510/466 356/513/469
f 400/512/468 356/513/469 399/514/470
f 399/514/470 356/513/469 357/515/471
f 399/514/470 357/515/471 398/516/472
f 398/516/472 357/515/471 358/517/473
f 398/516/472 358/517/473 397/518/474
f 397/518/474 358/517/473 359/519/475
f 397/518/474 359/519/475 396/520/476
f 396/520/476 359/519/475 336/521/477
f 396/520/476 336/521/477 395/522/478
f 395/522/478 336/521/477 337/523/479
f 395/522/478 337/523/479 394/524/480
f 394/524/480 337/523/479 338/525/481
f 394/524/480 338/525/481 393/526/482
f 393/526/482 338/525/481 339/527/483
f 393/526/482 339/527/483 525/528/484
f 525/528/484 339/527/483 524/529/485
f 524/529/485 339/527/483 340/530/486
f 524/529/485 340/530/486 523/531/487
f 523/531/487 340/530/486 341/532/488
f 523/531/487 341/532/488 522/533/489
f 522/533/489 341/532/488 342/534/490
f 522/533/489 342/534/490 343/535/491
f 36/536/492 39/537/493 33/508/464
f 33/508/464 39/537/493 38/538/494
f 33/508/464 38/538/494 477/539/495
f 477/539/495 38/538/494 363/540/496
f 477/539/495 363/540/496 476/541/497
f 476/541/497 363/540/496 364/542/498
f 476/541/497 364/542/498 475/543/499
f 475/543/499 364/542/498 365/544/500
f 475/543/499 365/544/500 474/545/501
f 474/545/501 365/544/500 366/546/502
f 474/545/501 366/546/502 367/547/503
f 40/548/504 378/549/505 38/538/494
f 38/538/494 378/549/505 379/550/506
f 38/538/494 379/550/506 380/551/507
f 331/552/508 468/553/509 40/548/504
f 40/548/504 468/553/509 469/554/510
f 40/548/504 469/554/510 470/555/511
f 332/556/512 333/557/513 331/552/508
f 331/552/508 333/557/513 461/558/514
f 331/552/508 461/558/514 462/559/515
f 334/560/516 335/494/450 333/557/513
f 333/557/513 335/494/450 487/561/517
f 333/557/513 487/561/517 488/562/518
f 522/533/489 343/535/491 521/563/519
f 521/563/519 343/535/491 344/564/520
f 521/563/519 344/564/520 520/565/521
f 520/565/521 344/564/520 436/566/522
f 520/565/521 436/566/522 519/567/523
f 519/567/523 436/566/522 500/568/524
f 519/567/523 500/568/524 501/569/525
f 436/566/522 344/564/520 435/570/526
f 435/570/526 344/564/520 345/571/527
f 435/570/526 345/571/527 434/572/528
f 434/572/528 345/571/527 346/573/529
f 434/572/528 346/573/529 433/574/530
f 433/574/530 346/573/529 347/575/531
f 433/574/530 347/575/531 432/576/532
f 432/576/532 347/575/531 348/577/533
f 432/576/532 348/577/533 455/578/534
f 455/578/534 348/577/533 349/579/535
f 455/578/534 349/579/535 454/580/536
f 454/580/536 349/579/535 350/581/537
f 454/580/536 350/581/537 453/582/538
f 453/582/538 350/581/537 351/583/539
f 453/582/538 351/583/539 452/584/540
f 452/584/540 351/583/539 352/585/541
f 452/584/540 352/585/541 451/586/542
f 451/586/542 352/585/541 353/587/543
f 451/586/542 353/587/543 450/588/544
f 450/588/544 353/587/543 354/509/465
f 450/588/544 354/509/465 33/508/464
f 383/589/545 360/590/546 38/538/494
f 38/538/494 360/590/546 361/591/547
f 38/538/494 361/591/547 362/592/548
f 362/592/548 363/540/496 38/538/494
f 474/545/501 367/547/503 473/593/549
f 473/593/549 367/547/503 368/594/550
f 473/593/549 368/594/550 472/595/551
f 472/595/551 368/594/550 369/596/552
f 472/595/551 369/596/552 471/597/553
f 471/597/553 369/596/552 370/598/554
f 471/597/553 370/598/554 470/555/511
f 470/555/511 370/598/554 40/548/504
f 370/598/554 371/599/555 40/548/504
f 40/548/504 371/599/555 372/600/556
f 40/548/504 372/600/556 373/601/557
f 373/601/557 374/602/558 40/548/504
f 40/548/504 374/602/558 375/603/559
f 40/548/504 375/603/559 376/604/560
f 376/604/560 377/605/561 40/548/504
f 40/548/504 377/605/561 378/549/505
f 380/551/507 381/606/562 38/538/494
f 38/538/494 381/606/562 382/607/563
f 38/538/494 382/607/563 383/589/545
f 407/608/564 384/609/565 34/504/460
f 34/504/460 384/609/565 385/610/566
f 34/504/460 385/610/566 386/505/461
f 430/506/462 386/505/461 429/611/567
f 429/611/567 386/505/461 387/612/568
f 429/611/567 387/612/568 428/613/569
f 428/613/569 387/612/568 388/614/570
f 428/613/569 388/614/570 427/615/571
f 427/615/571 388/614/570 389/616/572
f 427/615/571 389/616/572 426/617/573
f 426/617/573 389/616/572 390/618/574
f 426/617/573 390/618/574 391/619/575
f 392/620/576 424/621/577 391/619/575
f 391/619/575 424/621/577 425/622/578
f 391/619/575 425/622/578 426/617/573
f 424/621/577 392/620/576 423/623/579
f 423/623/579 392/620/576 393/526/482
f 423/623/579 393/526/482 525/528/484
f 401/511/467 402/624/580 34/504/460
f 34/504/460 402/624/580 403/625/581
f 34/504/460 403/625/581 404/626/582
f 404/626/582 405/627/583 34/504/460
f 34/504/460 405/627/583 406/628/584
f 34/504/460 406/628/584 407/608/564
f 431/507/463 408/629/585 330/500/456
f 330/500/456 408/629/585 409/630/586
f 330/500/456 409/630/586 410/631/587
f 410/631/587 411/632/588 330/500/456
f 330/500/456 411/632/588 412/633/589
f 330/500/456 412/633/589 413/634/590
f 413/634/590 414/635/591 330/500/456
f 330/500/456 414/635/591 415/501/457
f 509/502/458 415/501/457 508/636/592
f 508/636/592 415/501/457 416/637/593
f 508/636/592 416/637/593 507/638/594
f 507/638/594 416/637/593 417/639/595
f 507/638/594 417/639/595 506/640/596
f 506/640/596 417/639/595 418/641/597
f 506/640/596 418/641/597 505/642/598
f 505/642/598 418/641/597 419/643/599
f 505/642/598 419/643/599 504/644/600
f 504/644/600 419/643/599 420/645/601
f 504/644/600 420/645/601 527/646/602
f 527/646/602 420/645/601 421/647/603
f 527/646/602 421/647/603 526/648/604
f 526/648/604 421/647/603 422/649/605
f 526/648/604 422/649/605 525/528/484
f 525/528/484 422/649/605 423/623/579
f 500/568/524 436/566/522 499/650/606
f 499/650/606 436/566/522 437/651/607
f 499/650/606 437/651/607 498/652/608
f 498/652/608 437/651/607 438/653/609
f 498/652/608 438/653/609 439/654/610
f 440/655/611 496/656/612 439/654/610
f 439/654/610 496/656/612 497/657/613
f 439/654/610 497/657/613 498/652/608
f 496/656/612 440/655/611 495/658/614
f 495/658/614 440/655/611 441/659/615
f 495/658/614 441/659/615 33/508/464
f 33/508/464 441/659/615 442/660/616
f 33/508/464 442/660/616 443/661/617
f 443/661/617 444/662/618 33/508/464
f 33/508/464 444/662/618 445/663/619
f 33/508/464 445/663/619 446/664/620
f 446/664/620 447/665/621 33/508/464
f 33/508/464 447/665/621 448/666/622
f 33/508/464 448/666/622 449/667/623
f 449/667/623 450/588/544 33/508/464
f 457/668/624 491/669/625 456/670/626
f 456/670/626 491/669/625 492/671/627
f 456/670/626 492/671/627 479/672/628
f 479/672/628 492/671/627 493/673/629
f 479/672/628 493/673/629 478/674/630
f 478/674/630 493/673/629 494/675/631
f 478/674/630 494/675/631 33/508/464
f 33/508/464 494/675/631 495/658/614
f 491/669/625 457/668/624 490/676/632
f 490/676/632 457/668/624 458/677/633
f 490/676/632 458/677/633 333/557/513
f 333/557/513 458/677/633 459/678/634
f 333/557/513 459/678/634 460/679/635
f 460/679/635 461/558/514 333/557/513
f 462/559/515 463/680/636 331/552/508
f 331/552/508 463/680/636 464/681/637
f 331/552/508 464/681/637 465/682/638
f 465/682/638 466/683/639 331/552/508
f 331/552/508 466/683/639 467/684/640
f 331/552/508 467/684/640 468/553/509
f 477/539/495 478/674/630 33/508/464
f 481/496/452 482/685/641 335/494/450
f 335/494/450 482/685/641 483/686/642
f 335/494/450 483/686/642 484/687/643
f 484/687/643 485/688/644 335/494/450
f 335/494/450 485/688/644 486/689/645
f 335/494/450 486/689/645 487/561/517
f 488/562/518 489/690/646 333/557/513
f 333/557/513 489/690/646 490/676/632
f 519/567/523 501/569/525 518/691/647
f 518/691/647 501/569/525 502/692/648
f 518/691/647 502/692/648 517/693/649
f 517/693/649 502/692/648 329/498/454
f 517/693/649 329/498/454 516/694/650
f 516/694/650 329/498/454 515/695/651
f 515/695/651 329/498/454 514/696/652
f 514/696/652 329/498/454 513/697/653
f 513/697/653 329/498/454 512/698/654
f 512/698/654 329/498/454 511/699/655
f 511/699/655 329/498/454 510/503/459
f 502/692/648 503/499/455 329/498/454
f 50/700/144 49/701/142 325/702/656
f 325/702/656 49/701/142 528/703/657
f 528/703/657 49/701/142 48/704/137
f 528/703/657 48/704/137 47/705/133
f 47/705/133 46/706/126 528/703/657
f 528/703/657 46/706/126 21/707/658
f 21/707/658 46/706/126 45/708/121
f 21/707/658 45/708/121 44/709/116
f 44/709/116 43/710/108 21/707/658
f 21/707/658 43/710/108 42/711/76
f 21/707/658 42/711/76 22/712/659
f 22/712/659 42/711/76 41/713/75
f 75/714/162 121/715/161 41/716/660
f 41/716/660 121/715/161 23/717/661
f 41/716/660 23/717/661 22/718/662
f 535/719/663 305/720/664 534/721/665
f 534/721/665 305/720/664 304/722/666
f 534/721/665 304/722/666 533/723/667
f 533/723/667 304/722/666 303/724/668
f 533/723/667 303/724/668 532/725/669
f 532/725/669 303/724/668 302/726/670
f 532/725/669 302/726/670 531/727/671
f 531/727/671 302/726/670 301/728/672
f 531/727/671 301/728/672 530/729/673
f 530/729/673 301/728/672 300/730/674
f 530/729/673 300/730/674 529/731/675
f 529/731/675 300/730/674 299/732/676
f 299/733/676 298/734/677 529/735/675
f 529/735/675 298/734/677 536/736/678
f 292/737/679 537/738/680 293/739/681
f 293/739/681 537/738/680 538/740/682
f 293/739/681 538/740/682 294/741/683
f 294/741/683 538/740/682 539/742/684
f 294/741/683 539/742/684 295/743/685
f 295/743/685 539/742/684 540/744/686
f 295/743/685 540/744/686 296/745/687
f 296/745/687 540/744/686 541/746/688
f 296/745/687 541/746/688 297/747/689
f 297/747/689 541/746/688 542/748/690
f 297/747/689 542/748/690 298/749/677
f 298/749/677 542/748/690 536/750/678
f 308/751/691 543/752/692 309/753/693
f 309/753/693 543/752/692 544/754/694
f 309/753/693 544/754/694 310/755/695
f 310/755/695 544/754/694 545/756/696
f 310/755/695 545/756/696 311/757/697
f 311/757/697 545/756/696 546/758/698
f 311/757/697 546/758/698 312/759/699
f 312/759/699 546/758/698 547/760/700
f 312/759/699 547/760/700 313/761/701
f 313/761/701 547/760/700 548/762/702
f 313/761/701 548/762/702 314/763/703
f 314/763/703 548/762/702 549/764/704
f 549/765/704 550/766/705 314/767/703
f 314/767/703 550/766/705 315/768/706
f 556/769/707 321/770/708 555/771/709
f 555/771/709 321/770/708 320/772/710
f 555/771/709 320/772/710 554/773/711
f 554/773/711 320/772/710 319/774/712
f 554/773/711 319/774/712 553/775/713
f 553/775/713 319/774/712 318/776/714
f 553/775/713 318/776/714 552/777/715
f 552/777/715 318/776/714 317/778/716
f 552/777/715 317/778/716 551/779/717
f 551/779/717 317/778/716 316/780/718
f 551/779/717 316/780/718 550/781/705
f 550/781/705 316/780/718 315/782/706
f 321/783/708 556/784/707 29/785/719
f 29/785/719 556/784/707 30/786/720
f 543/787/692 308/788/691 557/789/721
f 557/789/721 308/788/691 307/790/722
f 305/791/664 535/792/663 306/793/723
f 306/793/723 535/792/663 558/794/724
f 537/795/680 292/796/679 559/797/725
f 559/797/725 292/796/679 291/798/726
f 559/799/727 291/800/728 563/801/729
f 563/801/729 291/800/728 290/802/730
f 563/801/729 290/802/730 561/803/731
f 561/803/731 290/802/730 324/804/732
f 561/803/731 324/804/732 560/805/733
f 561/803/731 562/806/734 563/801/729
f 307/807/735 306/808/736 557/809/737
f 557/809/737 306/808/736 558/810/738
f 30/811/739 556/812/740 31/813/741
f 31/813/741 556/812/740 555/814/742
f 31/813/741 555/814/742 554/815/743
f 554/815/743 553/816/744 31/813/741
f 31/813/741 553/816/744 331/817/745
f 331/817/745 553/816/744 552/818/746
f 331/817/745 552/818/746 551/819/747
f 551/819/747 550/820/748 331/817/745
f 331/817/745 550/820/748 549/821/749
f 331/817/745 549/821/749 548/822/750
f 547/823/751 531/824/752 548/822/750
f 548/822/750 531/824/752 530/825/753
f 548/822/750 530/825/753 331/817/745
f 331/817/745 530/825/753 529/826/754
f 331/817/745 529/826/754 332/827/755
f 332/827/755 529/826/754 536/828/756
f 332/827/755 536/828/756 542/829/757
f 531/824/752 547/823/751 532/830/758
f 532/830/758 547/823/751 546/831/759
f 532/830/758 546/831/759 533/832/760
f 533/832/760 546/831/759 545/833/761
f 533/832/760 545/833/761 534/834/762
f 534/834/762 545/833/761 544/835/763
f 534/834/762 544/835/763 535/836/764
f 535/836/764 544/835/763 543/837/765
f 535/836/764 543/837/765 558/838/766
f 558/838/766 543/837/765 557/839/767
f 542/829/757 541/840/768 332/827/755
f 332/827/755 541/840/768 540/841/769
f 332/827/755 540/841/769 563/842/770
f 563/842/770 540/841/769 539/843/771
f 563/842/770 539/843/771 538/844/772
f 538/844/772 537/845/773 563/842/770
f 563/842/770 537/845/773 559/846/774
f 565/847/775 575/848/776 564/849/777
f 564/849/777 575/848/776 576/850/778
f 564/849/777 576/850/778 587/851/779
f 587/851/779 576/850/778 577/852/780
f 587/851/779 577/852/780 586/853/781
f 586/853/781 577/852/780 578/854/782
f 586/853/781 578/854/782 585/855/783
f 585/855/783 578/854/782 579/856/784
f 585/855/783 579/856/784 584/857/785
f 584/857/785 579/856/784 580/858/786
f 584/857/785 580/858/786 583/859/787
f 583/859/787 580/858/786 581/860/788
f 583/859/787 581/860/788 582/861/789
f 575/848/776 565/847/775 574/862/790
f 574/862/790 565/847/775 566/863/791
f 574/862/790 566/863/791 573/864/792
f 573/864/792 566/863/791 567/865/793
f 573/864/792 567/865/793 572/866/794
f 572/866/794 567/865/793 568/867/795
f 572/866/794 568/867/795 571/868/796
f 571/868/796 568/867/795 569/869/797
f 571/868/796 569/869/797 570/870/798
f 589/871/799 599/872/800 588/873/801
f 588/873/801 599/872/800 600/874/802
f 588/873/801 600/874/802 611/875/803
f 611/875/803 600/874/802 601/876/804
f 611/875/803 601/876/804 610/877/805
f 610/877/805 601/876/804 602/878/806
f 610/877/805 602/878/806 609/879/807
f 609/879/807 602/878/806 603/880/808
f 609/879/807 603/880/808 608/881/809
f 608/881/809 603/880/808 604/882/810
f 608/881/809 604/882/810 607/883/811
f 607/883/811 604/882/810 605/884/812
f 607/883/811 605/884/812 606/885/813
f 599/872/800 589/871/799 598/886/814
f 598/886/814 589/871/799 590/887/815
f 598/886/814 590/887/815 597/888/816
f 597/888/816 590/887/815 591/889/817
f 597/888/816 591/889/817 596/890/818
f 596/890/818 591/889/817 592/891/819
f 596/890/818 592/891/819 595/892/820
f 595/892/820 592/891/819 593/893/821
f 595/892/820 593/893/821 594/894/822
f 335/895/823 334/896/824 560/897/825
f 560/897/825 334/896/824 561/898/826
f 323/899/827 335/900/828 324/901/829
f 324/901/829 335/900/828 560/902/830
f 612/903/831 613/904/832 25/905/833
f 25/905/833 613/904/832 26/906/834
f 140/907/835 612/908/836 24/909/837
f 24/909/837 612/908/836 25/910/838
f 614/911/839 528/912/840 20/913/841
f 20/913/841 528/912/840 21/914/842
f 615/915/843 614/916/844 19/917/845
f 19/917/845 614/916/844 20/918/846
f 34/919/847 330/920/848 15/921/849
f 15/921/849 330/920/848 16/922/850
f 331/923/851 40/924/852 31/925/853
f 31/925/853 40/924/852 32/926/854
f 333/927/855 332/928/856 562/929/857
f 562/929/857 332/928/856 563/930/858
f 334/931/859 333/932/860 561/933/861
f 561/933/861 333/932/860 562/934/862
f 612/935/863 140/936/864 613/937/865
f 613/937/865 140/936/864 139/938/866
f 617/939/867 627/940/868 616/941/869
f 616/941/869 627/940/868 628/942/870
f 616/941/869 628/942/870 639/943/871
f 639/943/871 628/942/870 629/944/872
f 639/943/871 629/944/872 638/945/873
f 638/945/873 629/944/872 630/946/874
f 638/945/873 630/946/874 637/947/875
f 637/947/875 630/946/874 631/948/876
f 637/947/875 631/948/876 636/949/877
f 636/949/877 631/948/876 632/950/878
f 636/949/877 632/950/878 635/951/879
f 635/951/879 632/950/878 633/952/880
f 635/951/879 633/952/880 634/953/881
f 627/940/868 617/939/867 626/954/882
f 626/954/882 617/939/867 618/955/883
f 626/954/882 618/955/883 625/956/884
f 625/956/884 618/955/883 619/957/885
f 625/956/884 619/957/885 624/958/886
f 624/958/886 619/957/885 620/959/887
f 624/958/886 620/959/887 623/960/888
f 623/960/888 620/959/887 621/961/889
f 623/960/888 621/961/889 622/962/890
f 641/963/891 651/964/892 640/965/893
f 640/965/893 651/964/892 652/966/894
f 640/965/893 652/966/894 663/967/895
f 663/967/895 652/966/894 653/968/896
f 663/967/895 653/968/896 662/969/897
f 662/969/897 653/968/896 654/970/898
f 662/969/897 654/970/898 661/971/899
f 661/971/899 654/970/898 655/972/900
f 661/971/899 655/972/900 660/973/901
f 660/973/901 655/972/900 656/974/902
f 660/973/901 656/974/902 659/975/903
f 659/975/903 656/974/902 657/976/904
f 659/975/903 657/976/904 658/977/905
f 651/964/892 641/963/891 650/978/906
f 650/978/906 641/963/891 642/979/907
f 650/978/906 642/979/907 649/980/908
f 649/980/908 642/979/907 643/981/909
f 649/980/908 643/981/909 648/982/910
f 648/982/910 643/981/909 644/983/911
f 648/982/910 644/983/911 647/984/912
f 647/984/912 644/983/911 645/985/913
f 647/984/912 645/985/913 646/986/914
f 665/987/915 675/988/916 664/989/917
f 664/989/917 675/988/916 676/990/918
f 664/989/917 676/990/918 687/991/919
f 687/991/919 676/990/918 677/992/920
f 687/991/919 677/992/920 686/993/921
f 686/993/921 677/992/920 678/994/922
f 686/993/921 678/994/922 685/995/923
f 685/995/923 678/994/922 679/996/924
f 685/995/923 679/996/924 684/997/925
f 684/997/925 679/996/924 680/998/926
f 684/997/925 680/998/926 683/999/927
f 683/999/927 680/998/926 681/1000/928
f 683/999/927 681/1000/928 682/1001/929
f 675/988/916 665/987/915 674/1002/930
f 674/1002/930 665/987/915 666/1003/931
f 674/1002/930 666/1003/931 673/1004/932
f 673/1004/932 666/1003/931 667/1005/933
f 673/1004/932 667/1005/933 672/1006/934
f 672/1006/934 667/1005/933 668/1007/935
f 672/1006/934 668/1007/935 671/1008/936
f 671/1008/936 668/1007/935 669/1009/937
f 671/1008/936 669/1009/937 670/1010/938
f 689/1011/939 699/1012/940 688/1013/941
f 688/1013/941 699/1012/940 700/1014/942
f 688/1013/941 700/1014/942 711/1015/943
f 711/1015/943 700/1014/942 701/1016/944
f 711/1015/943 701/1016/944 710/1017/945
f 710/1017/945 701/1016/944 702/1018/946
f 710/1017/945 702/1018/946 709/1019/947
f 709/1019/947 702/1018/946 703/1020/948
f 709/1019/947 703/1020/948 708/1021/949
f 708/1021/949 703/1020/948 704/1022/950
f 708/1021/949 704/1022/950 707/1023/951
f 707/1023/951 704/1022/950 705/1024/952
f 707/1023/951 705/1024/952 706/1025/953
f 699/1012/940 689/1011/939 698/1026/954
f 698/1026/954 689/1011/939 690/1027/955
f 698/1026/954 690/1027/955 697/1028/956
f 697/1028/956 690/1027/955 691/1029/957
f 697/1028/956 691/1029/957 696/1030/958
f 696/1030/958 691/1029/957 692/1031/959
f 696/1030/958 692/1031/959 695/1032/960
f 695/1032/960 692/1031/959 693/1033/961
f 695/1032/960 693/1033/961 694/1034/962
f 713/1035/963 723/1036/964 712/1037/965
f 712/1037/965 723/1036/964 724/1038/966
f 712/1037/965 724/1038/966 735/1039/967
f 735/1039/967 724/1038/966 725/1040/968
f 735/1039/967 725/1040/968 734/1041/969
f 734/1041/969 725/1040/968 726/1042/970
f 734/1041/969 726/1042/970 733/1043/971
f 733/1043/971 726/1042/970 727/1044/972
f 733/1043/971 727/1044/972 732/1045/973
f 732/1045/973 727/1044/972 728/1046/974
f 732/1045/973 728/1046/974 731/1047/975
f 731/1047/975 728/1046/974 729/1048/976
f 731/1047/975 729/1048/976 730/1049/977
f 723/1036/964 713/1035/963 722/1050/978
f 722/1050/978 713/1035/963 714/1051/979
f 722/1050/978 714/1051/979 721/1052/980
f 721/1052/980 714/1051/979 715/1053/981
f 721/1052/980 715/1053/981 720/1054/982
f 720/1054/982 715/1053/981 716/1055/983
f 720/1054/982 716/1055/983 719/1056/984
f 719/1056/984 716/1055/983 717/1057/985
f 719/1056/984 717/1057/985 718/1058/986
f 737/1059/987 747/1060/988 736/1061/989
f 736/1061/989 747/1060/988 748/1062/990
f 736/1061/989 748/1062/990 759/1063/991
f 759/1063/991 748/1062/990 749/1064/992
f 759/1063/991 749/1064/992 758/1065/993
f 758/1065/993 749/1064/992 750/1066/994
f 758/1065/993 750/1066/994 757/1067/995
f 757/1067/995 750/1066/994 751/1068/996
f 757/1067/995 751/1068/996 756/1069/997
f 756/1069/997 751/1068/996 752/1070/998
f 756/1069/997 752/1070/998 755/1071/999
f 755/1071/999 752/1070/998 753/1072/1000
f 755/1071/999 753/1072/1000 754/1073/1001
f 747/1060/988 737/1059/987 746/1074/1002
f 746/1074/1002 737/1059/987 738/1075/1003
f 746/1074/1002 738/1075/1003 745/1076/1004
f 745/1076/1004 738/1075/1003 739/1077/1005
f 745/1076/1004 739/1077/1005 744/1078/1006
f 744/1078/1006 739/1077/1005 740/1079/1007
f 744/1078/1006 740/1079/1007 743/1080/1008
f 743/1080/1008 740/1079/1007 741/1081/1009
f 743/1080/1008 741/1081/1009 742/1082/1010
f 328/1083/1011 327/1084/1012 760/1085/1013
f 760/1085/1013 327/1084/1012 761/1086/1014
f 528/1087/1015 762/1088/1016 325/1089/1017
f 325/1089/1017 762/1088/1016 326/1090/1018
f 327/1091/1019 326/1092/1020 761/1093/1021
f 761/1093/1021 326/1092/1020 762/1094/1022
f 614/1095/1023 615/1096/1024 528/1097/1025
f 528/1097/1025 615/1096/1024 760/1098/1026
f 528/1097/1025 760/1098/1026 762/1099/1027
f 762/1099/1027 760/1098/1026 761/1100/1028
f 760/1101/1029 615/1102/1030 18/1103/1031
f 18/1103/1031 615/1102/1030 19/1104/1032
f 328/1105/1033 760/1106/1034 329/1107/1035
f 329/1107/1035 760/1106/1034 17/1108/1036
f 17/1108/1036 760/1106/1034 18/1109/1037
f 330/1110/1038 329/1111/1039 16/1112/1040
f 16/1112/1040 329/1111/1039 17/1113/1041
f 663/1114/1042 765/1115/1043 640/1116/1044
f 640/1116/1044 765/1115/1043 768/1117/1045
f 640/1116/1044 768/1117/1045 641/1118/1046
f 641/1118/1046 768/1117/1045 809/1119/1047
f 641/1118/1046 809/1119/1047 642/1120/1048
f 642/1120/1048 809/1119/1047 807/1121/1049
f 642/1120/1048 807/1121/1049 643/1122/1050
f 643/1122/1050 807/1121/1049 805/1123/1051
f 643/1122/1050 805/1123/1051 644/1124/1052
f 644/1124/1052 805/1123/1051 803/1125/1053
f 644/1124/1052 803/1125/1053 645/1126/1054
f 645/1126/1054 803/1125/1053 801/1127/1055
f 645/1126/1054 801/1127/1055 646/1128/1056
f 646/1128/1056 801/1127/1055 799/1129/1057
f 646/1128/1056 799/1129/1057 647/1130/1058
f 647/1130/1058 799/1129/1057 797/1131/1059
f 647/1130/1058 797/1131/1059 648/1132/1060
f 648/1132/1060 797/1131/1059 795/1133/1061
f 648/1132/1060 795/1133/1061 649/1134/1062
f 649/1134/1062 795/1133/1061 793/1135/1063
f 649/1134/1062 793/1135/1063 650/1136/1064
f 650/1136/1064 793/1135/1063 791/1137/1065
f 650/1136/1064 791/1137/1065 651/1138/1066
f 651/1138/1066 791/1137/1065 789/1139/1067
f 651/1138/1066 789/1139/1067 652/1140/1068
f 652/1140/1068 789/1139/1067 763/1141/1069
f 652/1142/1068 763/1143/1069 653/1144/1070
f 653/1144/1070 763/1143/1069 787/1145/1071
f 653/1144/1070 787/1145/1071 654/1146/1072
f 654/1146/1072 787/1145/1071 785/1147/1073
f 654/1146/1072 785/1147/1073 655/1148/1074
f 655/1148/1074 785/1147/1073 783/1149/1075
f 655/1148/1074 783/1149/1075 656/1150/1076
f 656/1150/1076 783/1149/1075 781/1151/1077
f 656/1150/1076 781/1151/1077 657/1152/1078
f 657/1152/1078 781/1151/1077 779/1153/1079
f 657/1152/1078 779/1153/1079 658/1154/1080
f 658/1154/1080 779/1153/1079 777/1155/1081
f 658/1154/1080 777/1155/1081 659/1156/1082
f 659/1156/1082 777/1155/1081 775/1157/1083
f 659/1156/1082 775/1157/1083 660/1158/1084
f 660/1158/1084 775/1157/1083 773/1159/1085
f 660/1158/1084 773/1159/1085 661/1160/1086
f 661/1160/1086 773/1159/1085 771/1161/1087
f 661/1160/1086 771/1161/1087 662/1162/1088
f 662/1162/1088 771/1161/1087 769/1163/1089
f 662/1162/1088 769/1163/1089 663/1114/1042
f 663/1114/1042 769/1163/1089 765/1115/1043
f 407/1164/1090 788/1165/1091 384/1166/1092
f 384/1166/1092 788/1165/1091 764/1167/1093
f 384/1168/1092 764/1169/1093 385/1170/1094
f 385/1170/1094 764/1169/1093 790/1171/1095
f 385/1170/1094 790/1171/1095 386/1172/1096
f 386/1172/1096 790/1171/1095 792/1173/1097
f 386/1172/1096 792/1173/1097 387/1174/1098
f 387/1174/1098 792/1173/1097 794/1175/1099
f 387/1174/1098 794/1175/1099 388/1176/1100
f 388/1176/1100 794/1175/1099 796/1177/1101
f 388/1176/1100 796/1177/1101 389/1178/1102
f 389/1178/1102 796/1177/1101 798/1179/1103
f 389/1178/1102 798/1179/1103 390/1180/1104
f 390/1180/1104 798/1179/1103 800/1181/1105
f 390/1180/1104 800/1181/1105 391/1182/1106
f 391/1182/1106 800/1181/1105 802/1183/1107
f 391/1182/1106 802/1183/1107 392/1184/1108
f 392/1184/1108 802/1183/1107 804/1185/1109
f 392/1184/1108 804/1185/1109 393/1186/1110
f 393/1186/1110 804/1185/1109 806/1187/1111
f 393/1186/1110 806/1187/1111 394/1188/1112
f 394/1188/1112 806/1187/1111 808/1189/1113
f 394/1188/1112 808/1189/1113 395/1190/1114
f 395/1190/1114 808/1189/1113 810/1191/1115
f 395/1190/1114 810/1191/1115 396/1192/1116
f 396/1192/1116 810/1191/1115 767/1193/1117
f 396/1192/1116 767/1193/1117 397/1194/1118
f 397/1194/1118 767/1193/1117 766/1195/1119
f 397/1194/1118 766/1195/1119 398/1196/1120
f 398/1196/1120 766/1195/1119 770/1197/1121
f 398/1196/1120 770/1197/1121 399/1198/1122
f 399/1198/1122 770/1197/1121 772/1199/1123
f 399/1198/1122 772/1199/1123 400/1200/1124
f 400/1200/1124 772/1199/1123 774/1201/1125
f 400/1200/1124 774/1201/1125 401/1202/1126
f 401/1202/1126 774/1201/1125 776/1203/1127
f 401/1202/1126 776/1203/1127 402/1204/1128
f 402/1204/1128 776/1203/1127 778/1205/1129
f 402/1204/1128 778/1205/1129 403/1206/1130
f 403/1206/1130 778/1205/1129 780/1207/1131
f 403/1206/1130 780/1207/1131 404/1208/1132
f 404/1208/1132 780/1207/1131 782/1209/1133
f 404/1208/1132 782/1209/1133 405/1210/1134
f 405/1210/1134 782/1209/1133 784/1211/1135
f 405/1210/1134 784/1211/1135 406/1212/1136
f 406/1212/1136 784/1211/1135 786/1213/1137
f 406/1212/1136 786/1213/1137 407/1164/1090
f 407/1164/1090 786/1213/1137 788/1165/1091
f 763/1143/1069 764/1167/1093 787/1145/1071
f 787/1145/1071 764/1167/1093 788/1165/1091
f 787/1145/1071 788/1165/1091 785/1147/1073
f 785/1147/1073 788/1165/1091 786/1213/1137
f 785/1147/1073 786/1213/1137 783/1149/1075
f 783/1149/1075 786/1213/1137 784/1211/1135
f 783/1149/1075 784/1211/1135 781/1151/1077
f 781/1151/1077 784/1211/1135 782/1209/1133
f 781/1151/1077 782/1209/1133 779/1153/1079
f 779/1153/1079 782/1209/1133 780/1207/1131
f 779/1153/1079 780/1207/1131 777/1155/1081
f 777/1155/1081 780/1207/1131 778/1205/1129
f 777/1155/1081 778/1205/1129 775/1157/1083
f 775/1157/1083 778/1205/1129 776/1203/1127
f 775/1157/1083 776/1203/1127 773/1159/1085
f 773/1159/1085 776/1203/1127 774/1201/1125
f 773/1159/1085 774/1201/1125 771/1161/1087
f 771/1161/1087 774/1201/1125 772/1199/1123
f 771/1161/1087 772/1199/1123 769/1163/1089
f 769/1163/1089 772/1199/1123 770/1197/1121
f 769/1163/1089 770/1197/1121 765/1115/1043
f 765/1115/1043 770/1197/1121 766/1195/1119
f 765/1115/1043 766/1195/1119 768/1117/1045
f 768/1117/1045 766/1195/1119 767/1193/1117
f 768/1117/1045 767/1193/1117 809/1119/1047
f 809/1119/1047 767/1193/1117 810/1191/1115
f 809/1119/1047 810/1191/1115 807/1121/1049
f 807/1121/1049 810/1191/1115 808/1189/1113
f 807/1121/1049 808/1189/1113 805/1123/1051
f 805/1123/1051 808/1189/1113 806/1187/1111
f 805/1123/1051 806/1187/1111 803/1125/1053
f 803/1125/1053 806/1187/1111 804/1185/1109
f 803/1125/1053 804/1185/1109 801/1127/1055
f 801/1127/1055 804/1185/1109 802/1183/1107
f 801/1127/1055 802/1183/1107 799/1129/1057
f 799/1129/1057 802/1183/1107 800/1181/1105
f 799/1129/1057 800/1181/1105 797/1131/1059
f 797/1131/1059 800/1181/1105 798/1179/1103
f 797/1131/1059 798/1179/1103 795/1133/1061
f 795/1133/1061 798/1179/1103 796/1177/1101
f 795/1133/1061 796/1177/1101 793/1135/1063
f 793/1135/1063 796/1177/1101 794/1175/1099
f 793/1135/1063 794/1175/1099 791/1137/1065
f 791/1137/1065 794/1175/1099 792/1173/1097
f 791/1137/1065 792/1173/1097 789/1139/1067
f 789/1139/1067 792/1173/1097 790/1171/1095
f 789/1139/1067 790/1171/1095 763/1141/1069
f 763/1141/1069 790/1171/1095 764/1169/1093
f 639/1214/1138 813/1215/1139 616/1216/1140
f 616/1216/1140 813/1215/1139 816/1217/1141
f 616/1216/1140 816/1217/1141 617/1218/1142
f 617/1218/1142 816/1217/1141 857/1219/1143
f 617/1218/1142 857/1219/1143 618/1220/1144
f 618/1220/1144 857/1219/1143 855/1221/1145
f 618/1220/1144 855/1221/1145 619/1222/1146
f 619/1222/1146 855/1221/1145 853/1223/1147
f 619/1222/1146 853/1223/1147 620/1224/1148
f 620/1224/1148 853/1223/1147 851/1225/1149
f 620/1224/1148 851/1225/1149 621/1226/1150
f 621/1226/1150 851/1225/1149 849/1227/1151
f 621/1226/1150 849/1227/1151 622/1228/1152
f 622/1228/1152 849/1227/1151 847/1229/1153
f 622/1228/1152 847/1229/1153 623/1230/1154
f 623/1230/1154 847/1229/1153 845/1231/1155
f 623/1230/1154 845/1231/1155 624/1232/1156
f 624/1232/1156 845/1231/1155 843/1233/1157
f 624/1232/1156 843/1233/1157 625/1234/1158
f 625/1234/1158 843/1233/1157 841/1235/1159
f 625/1234/1158 841/1235/1159 626/1236/1160
f 626/1236/1160 841/1235/1159 839/1237/1161
f 626/1236/1160 839/1237/1161 627/1238/1162
f 627/1238/1162 839/1237/1161 837/1239/1163
f 627/1238/1162 837/1239/1163 628/1240/1164
f 628/1240/1164 837/1239/1163 811/1241/1165
f 628/1242/1164 811/1243/1165 629/1244/1166
f 629/1244/1166 811/1243/1165 835/1245/1167
f 629/1244/1166 835/1245/1167 630/1246/1168
f 630/1246/1168 835/1245/1167 833/1247/1169
f 630/1246/1168 833/1247/1169 631/1248/1170
f 631/1248/1170 833/1247/1169 831/1249/1171
f 631/1248/1170 831/1249/1171 632/1250/1172
f 632/1250/1172 831/1249/1171 829/1251/1173
f 632/1250/1172 829/1251/1173 633/1252/1174
f 633/1252/1174 829/1251/1173 827/1253/1175
f 633/1252/1174 827/1253/1175 634/1254/1176
f 634/1254/1176 827/1253/1175 825/1255/1177
f 634/1254/1176 825/1255/1177 635/1256/1178
f 635/1256/1178 825/1255/1177 823/1257/1179
f 635/1256/1178 823/1257/1179 636/1258/1180
f 636/1258/1180 823/1257/1179 821/1259/1181
f 636/1258/1180 821/1259/1181 637/1260/1182
f 637/1260/1182 821/1259/1181 819/1261/1183
f 637/1260/1182 819/1261/1183 638/1262/1184
f 638/1262/1184 819/1261/1183 817/1263/1185
f 638/1262/1184 817/1263/1185 639/1214/1138
f 639/1214/1138 817/1263/1185 813/1215/1139
f 479/1264/1186 836/1265/1187 456/1266/1188
f 456/1266/1188 836/1265/1187 812/1267/1189
f 456/1268/1188 812/1269/1189 457/1270/1190
f 457/1270/1190 812/1269/1189 838/1271/1191
f 457/1270/1190 838/1271/1191 458/1272/1192
f 458/1272/1192 838/1271/1191 840/1273/1193
f 458/1272/1192 840/1273/1193 459/1274/1194
f 459/1274/1194 840/1273/1193 842/1275/1195
f 459/1274/1194 842/1275/1195 460/1276/1196
f 460/1276/1196 842/1275/1195 844/1277/1197
f 460/1276/1196 844/1277/1197 461/1278/1198
f 461/1278/1198 844/1277/1197 846/1279/1199
f 461/1278/1198 846/1279/1199 462/1280/1200
f 462/1280/1200 846/1279/1199 848/1281/1201
f 462/1280/1200 848/1281/1201 463/1282/1202
f 463/1282/1202 848/1281/1201 850/1283/1203
f 463/1282/1202 850/1283/1203 464/1284/1204
f 464/1284/1204 850/1283/1203 852/1285/1205
f 464/1284/1204 852/1285/1205 465/1286/1206
f 465/1286/1206 852/1285/1205 854/1287/1207
f 465/1286/1206 854/1287/1207 466/1288/1208
f 466/1288/1208 854/1287/1207 856/1289/1209
f 466/1288/1208 856/1289/1209 467/1290/1210
f 467/1290/1210 856/1289/1209 858/1291/1211
f 467/1290/1210 858/1291/1211 468/1292/1212
f 468/1292/1212 858/1291/1211 815/1293/1213
f 468/1292/1212 815/1293/1213 469/1294/1214
f 469/1294/1214 815/1293/1213 814/1295/1215
f 469/1294/1214 814/1295/1215 470/1296/1216
f 470/1296/1216 814/1295/1215 818/1297/1217
f 470/1296/1216 818/1297/1217 471/1298/1218
f 471/1298/1218 818/1297/1217 820/1299/1219
f 471/1298/1218 820/1299/1219 472/1300/1220
f 472/1300/1220 820/1299/1219 822/1301/1221
f 472/1300/1220 822/1301/1221 473/1302/1222
f 473/1302/1222 822/1301/1221 824/1303/1223
f 473/1302/1222 824/1303/1223 474/1304/1224
f 474/1304/1224 824/1303/1223 826/1305/1225
f 474/1304/1224 826/1305/1225 475/1306/1226
f 475/1306/1226 826/1305/1225 828/1307/1227
f 475/1306/1226 828/1307/1227 476/1308/1228
f 476/1308/1228 828/1307/1227 830/1309/1229
f 476/1308/1228 830/1309/1229 477/1310/1230
f 477/1310/1230 830/1309/1229 832/1311/1231
f 477/1310/1230 832/1311/1231 478/1312/1232
f 478/1312/1232 832/1311/1231 834/1313/1233
f 478/1312/1232 834/1313/1233 479/1264/1186
f 479/1264/1186 834/1313/1233 836/1265/1187
f 811/1243/1165 812/1267/1189 835/1245/1167
f 835/1245/1167 812/1267/1189 836/1265/1187
f 835/1245/1167 836/1265/1187 833/1247/1169
f 833/1247/1169 836/1265/1187 834/1313/1233
f 833/1247/1169 834/1313/1233 831/1249/1171
f 831/1249/1171 834/1313/1233 832/1311/1231
f 831/1249/1171 832/1311/1231 829/1251/1173
f 829/1251/1173 832/1311/1231 830/1309/1229
f 829/1251/1173 830/1309/1229 827/1253/1175
f 827/1253/1175 830/1309/1229 828/1307/1227
f 827/1253/1175 828/1307/1227 825/1255/1177
f 825/1255/1177 828/1307/1227 826/1305/1225
f 825/1255/1177 826/1305/1225 823/1257/1179
f 823/1257/1179 826/1305/1225 824/1303/1223
f 823/1257/1179 824/1303/1223 821/1259/1181
f 821/1259/1181 824/1303/1223 822/1301/1221
f 821/1259/1181 822/1301/1221 819/1261/1183
f 819/1261/1183 822/1301/1221 820/1299/1219
f 819/1261/1183 820/1299/1219 817/1263/1185
f 817/1263/1185 820/1299/1219 818/1297/1217
f 817/1263/1185 818/1297/1217 813/1215/1139
f 813/1215/1139 818/1297/1217 814/1295/1215
f 813/1215/1139 814/1295/1215 816/1217/1141
f 816/1217/1141 814/1295/1215 815/1293/1213
f 816/1217/1141 815/1293/1213 857/1219/1143
f 857/1219/1143 815/1293/1213 858/1291/1211
f 857/1219/1143 858/1291/1211 855/1221/1145
f 855/1221/1145 858/1291/1211 856/1289/1209
f 855/1221/1145 856/1289/1209 853/1223/1147
f 853/1223/1147 856/1289/1209 854/1287/1207
f 853/1223/1147 854/1287/1207 851/1225/1149
f 851/1225/1149 854/1287/1207 852/1285/1205
f 851/1225/1149 852/1285/1205 849/1227/1151
f 849/1227/1151 852/1285/1205 850/1283/1203
f 849/1227/1151 850/1283/1203 847/1229/1153
f 847/1229/1153 850/1283/1203 848/1281/1201
f 847/1229/1153 848/1281/1201 845/1231/1155
f 845/1231/1155 848/1281/1201 846/1279/1199
f 845/1231/1155 846/1279/1199 843/1233/1157
f 843/1233/1157 846/1279/1199 844/1277/1197
f 843/1233/1157 844/1277/1197 841/1235/1159
f 841/1235/1159 844/1277/1197 842/1275/1195
f 841/1235/1159 842/1275/1195 839/1237/1161
f 839/1237/1161 842/1275/1195 840/1273/1193
f 839/1237/1161 840/1273/1193 837/1239/1163
f 837/1239/1163 840/1273/1193 838/1271/1191
f 837/1239/1163 838/1271/1191 811/1241/1165
f 811/1241/1165 838/1271/1191 812/1269/1189
f 735/1314/1234 861/1315/1235 712/1316/1236
f 712/1316/1236 861/1315/1235 864/1317/1237
f 712/1316/1236 864/1317/1237 713/1318/1238
f 713/1318/1238 864/1317/1237 905/1319/1239
f 713/1318/1238 905/1319/1239 714/1320/1240
f 714/1320/1240 905/1319/1239 903/1321/1241
f 714/1320/1240 903/1321/1241 715/1322/1242
f 715/1322/1242 903/1321/1241 901/1323/1243
f 715/1322/1242 901/1323/1243 716/1324/1244
f 716/1324/1244 901/1323/1243 899/1325/1245
f 716/1324/1244 899/1325/1245 717/1326/1246
f 717/1326/1246 899/1325/1245 897/1327/1247
f 717/1326/1246 897/1327/1247 718/1328/1248
f 718/1328/1248 897/1327/1247 895/1329/1249
f 718/1328/1248 895/1329/1249 719/1330/1250
f 719/1330/1250 895/1329/1249 893/1331/1251
f 719/1330/1250 893/1331/1251 720/1332/1252
f 720/1332/1252 893/1331/1251 891/1333/1253
f 720/1332/1252 891/1333/1253 721/1334/1254
f 721/1334/1254 891/1333/1253 889/1335/1255
f 721/1334/1254 889/1335/1255 722/1336/1256
f 722/1336/1256 889/1335/1255 887/1337/1257
f 722/1336/1256 887/1337/1257 723/1338/1258
f 723/1338/1258 887/1337/1257 885/1339/1259
f 723/1338/1258 885/1339/1259 724/1340/1260
f 724/1340/1260 885/1339/1259 859/1341/1261
f 724/1342/1260 859/1343/1261 725/1344/1262
f 725/1344/1262 859/1343/1261 883/1345/1263
f 725/1344/1262 883/1345/1263 726/1346/1264
f 726/1346/1264 883/1345/1263 881/1347/1265
f 726/1346/1264 881/1347/1265 727/1348/1266
f 727/1348/1266 881/1347/1265 879/1349/1267
f 727/1348/1266 879/1349/1267 728/1350/1268
f 728/1350/1268 879/1349/1267 877/1351/1269
f 728/1350/1268 877/1351/1269 729/1352/1270
f 729/1352/1270 877/1351/1269 875/1353/1271
f 729/1352/1270 875/1353/1271 730/1354/1272
f 730/1354/1272 875/1353/1271 873/1355/1273
f 730/1354/1272 873/1355/1273 731/1356/1274
f 731/1356/1274 873/1355/1273 871/1357/1275
f 731/1356/1274 871/1357/1275 732/1358/1276
f 732/1358/1276 871/1357/1275 869/1359/1277
f 732/1358/1276 869/1359/1277 733/1360/1278
f 733/1360/1278 869/1359/1277 867/1361/1279
f 733/1360/1278 867/1361/1279 734/1362/1280
f 734/1362/1280 867/1361/1279 865/1363/1281
f 734/1362/1280 865/1363/1281 735/1314/1234
f 735/1314/1234 865/1363/1281 861/1315/1235
f 431/1364/1282 884/1365/1283 408/1366/1284
f 408/1366/1284 884/1365/1283 860/1367/1285
f 408/1368/1284 860/1369/1285 409/1370/1286
f 409/1370/1286 860/1369/1285 886/1371/1287
f 409/1370/1286 886/1371/1287 410/1372/1288
f 410/1372/1288 886/1371/1287 888/1373/1289
f 410/1372/1288 888/1373/1289 411/1374/1290
f 411/1374/1290 888/1373/1289 890/1375/1291
f 411/1374/1290 890/1375/1291 412/1376/1292
f 412/1376/1292 890/1375/1291 892/1377/1293
f 412/1376/1292 892/1377/1293 413/1378/1294
f 413/1378/1294 892/1377/1293 894/1379/1295
f 413/1378/1294 894/1379/1295 414/1380/1296
f 414/1380/1296 894/1379/1295 896/1381/1297
f 414/1380/1296 896/1381/1297 415/1382/1298
f 415/1382/1298 896/1381/1297 898/1383/1299
f 415/1382/1298 898/1383/1299 416/1384/1300
f 416/1384/1300 898/1383/1299 900/1385/1301
f 416/1384/1300 900/1385/1301 417/1386/1302
f 417/1386/1302 900/1385/1301 902/1387/1303
f 417/1386/1302 902/1387/1303 418/1388/1304
f 418/1388/1304 902/1387/1303 904/1389/1305
f 418/1388/1304 904/1389/1305 419/1390/1306
f 419/1390/1306 904/1389/1305 906/1391/1307
f 419/1390/1306 906/1391/1307 420/1392/1308
f 420/1392/1308 906/1391/1307 863/1393/1309
f 420/1392/1308 863/1393/1309 421/1394/1310
f 421/1394/1310 863/1393/1309 862/1395/1311
f 421/1394/1310 862/1395/1311 422/1396/1312
f 422/1396/1312 862/1395/1311 866/1397/1313
f 422/1396/1312 866/1397/1313 423/1398/1314
f 423/1398/1314 866/1397/1313 868/1399/1315
f 423/1398/1314 868/1399/1315 424/1400/1316
f 424/1400/1316 868/1399/1315 870/1401/1317
f 424/1400/1316 870/1401/1317 425/1402/1318
f 425/1402/1318 870/1401/1317 872/1403/1319
f 425/1402/1318 872/1403/1319 426/1404/1320
f 426/1404/1320 872/1403/1319 874/1405/1321
f 426/1404/1320 874/1405/1321 427/1406/1322
f 427/1406/1322 874/1405/1321 876/1407/1323
f 427/1406/1322 876/1407/1323 428/1408/1324
f 428/1408/1324 876/1407/1323 878/1409/1325
f 428/1408/1324 878/1409/1325 429/1410/1326
f 429/1410/1326 878/1409/1325 880/1411/1327
f 429/1410/1326 880/1411/1327 430/1412/1328
f 430/1412/1328 880/1411/1327 882/1413/1329
f 430/1412/1328 882/1413/1329 431/1364/1282
f 431/1364/1282 882/1413/1329 884/1365/1283
f 859/1343/1261 860/1367/1285 883/1345/1263
f 883/1345/1263 860/1367/1285 884/1365/1283
f 883/1345/1263 884/1365/1283 881/1347/1265
f 881/1347/1265 884/1365/1283 882/1413/1329
f 881/1347/1265 882/1413/1329 879/1349/1267
f 879/1349/1267 882/1413/1329 880/1411/1327
f 879/1349/1267 880/1411/1327 877/1351/1269
f 877/1351/1269 880/1411/1327 878/1409/1325
f 877/1351/1269 878/1409/1325 875/1353/1271
f 875/1353/1271 878/1409/1325 876/1407/1323
f 875/1353/1271 876/1407/1323 873/1355/1273
f 873/1355/1273 876/1407/1323 874/1405/1321
f 873/1355/1273 874/1405/1321 871/1357/1275
f 871/1357/1275 874/1405/1321 872/1403/1319
f 871/1357/1275 872/1403/1319 869/1359/1277
f 869/1359/1277 872/1403/1319 870/1401/1317
f 869/1359/1277 870/1401/1317 867/1361/1279
f 867/1361/1279 870/1401/1317 868/1399/1315
f 867/1361/1279 868/1399/1315 865/1363/1281
f 865/1363/1281 868/1399/1315 866/1397/1313
f 865/1363/1281 866/1397/1313 861/1315/1235
f 861/1315/1235 866/1397/1313 862/1395/1311
f 861/1315/1235 862/1395/1311 864/1317/1237
f 864/1317/1237 862/1395/1311 863/1393/1309
f 864/1317/1237 863/1393/1309 905/1319/1239
f 905/1319/1239 863/1393/1309 906/1391/1307
f 905/1319/1239 906/1391/1307 903/1321/1241
f 903/1321/1241 906/1391/1307 904/1389/1305
f 903/1321/1241 904/1389/1305 901/1323/1243
f 901/1323/1243 904/1389/1305 902/1387/1303
f 901/1323/1243 902/1387/1303 899/1325/1245
f 899/1325/1245 902/1387/1303 900/1385/1301
f 899/1325/1245 900/1385/1301 897/1327/1247
f 897/1327/1247 900/1385/1301 898/1383/1299
f 897/1327/1247 898/1383/1299 895/1329/1249
f 895/1329/1249 898/1383/1299 896/1381/1297
f 895/1329/1249 896/1381/1297 893/1331/1251
f 893/1331/1251 896/1381/1297 894/1379/1295
f 893/1331/1251 894/1379/1295 891/1333/1253
f 891/1333/1253 894/1379/1295 892/1377/1293
f 891/1333/1253 892/1377/1293 889/1335/1255
f 889/1335/1255 892/1377/1293 890/1375/1291
f 889/1335/1255 890/1375/1291 887/1337/1257
f 887/1337/1257 890/1375/1291 888/1373/1289
f 887/1337/1257 888/1373/1289 885/1339/1259
f 885/1339/1259 888/1373/1289 886/1371/1287
f 885/1339/1259 886/1371/1287 859/1341/1261
f 859/1341/1261 886/1371/1287 860/1369/1285
f 711/1414/1330 909/1415/1331 688/1416/1332
f 688/1416/1332 909/1415/1331 912/1417/1333
f 688/1416/1332 912/1417/1333 689/1418/1334
f 689/1418/1334 912/1417/1333 953/1419/1335
f 689/1418/1334 953/1419/1335 690/1420/1336
f 690/1420/1336 953/1419/1335 951/1421/1337
f 690/1420/1336 951/1421/1337 691/1422/1338
f 691/1422/1338 951/1421/1337 949/1423/1339
f 691/1422/1338 949/1423/1339 692/1424/1340
f 692/1424/1340 949/1423/1339 947/1425/1341
f 692/1424/1340 947/1425/1341 693/1426/1342
f 693/1426/1342 947/1425/1341 945/1427/1343
f 693/1426/1342 945/1427/1343 694/1428/1344
f 694/1428/1344 945/1427/1343 943/1429/1345
f 694/1428/1344 943/1429/1345 695/1430/1346
f 695/1430/1346 943/1429/1345 941/1431/1347
f 695/1430/1346 941/1431/1347 696/1432/1348
f 696/1432/1348 941/1431/1347 939/1433/1349
f 696/1432/1348 939/1433/1349 697/1434/1350
f 697/1434/1350 939/1433/1349 937/1435/1351
f 697/1434/1350 937/1435/1351 698/1436/1352
f 698/1436/1352 937/1435/1351 935/1437/1353
f 698/1436/1352 935/1437/1353 699/1438/1354
f 699/1438/1354 935/1437/1353 933/1439/1355
f 699/1438/1354 933/1439/1355 700/1440/1356
f 700/1440/1356 933/1439/1355 907/1441/1357
f 700/1442/1356 907/1443/1357 701/1444/1358
f 701/1444/1358 907/1443/1357 931/1445/1359
f 701/1444/1358 931/1445/1359 702/1446/1360
f 702/1446/1360 931/1445/1359 929/1447/1361
f 702/1446/1360 929/1447/1361 703/1448/1362
f 703/1448/1362 929/1447/1361 927/1449/1363
f 703/1448/1362 927/1449/1363 704/1450/1364
f 704/1450/1364 927/1449/1363 925/1451/1365
f 704/1450/1364 925/1451/1365 705/1452/1366
f 705/1452/1366 925/1451/1365 923/1453/1367
f 705/1452/1366 923/1453/1367 706/1454/1368
f 706/1454/1368 923/1453/1367 921/1455/1369
f 706/1454/1368 921/1455/1369 707/1456/1370
f 707/1456/1370 921/1455/1369 919/1457/1371
f 707/1456/1370 919/1457/1371 708/1458/1372
f 708/1458/1372 919/1457/1371 917/1459/1373
f 708/1458/1372 917/1459/1373 709/1460/1374
f 709/1460/1374 917/1459/1373 915/1461/1375
f 709/1460/1374 915/1461/1375 710/1462/1376
f 710/1462/1376 915/1461/1375 913/1463/1377
f 710/1462/1376 913/1463/1377 711/1414/1330
f 711/1414/1330 913/1463/1377 909/1415/1331
f 383/1464/1378 932/1465/1379 360/1466/1380
f 360/1466/1380 932/1465/1379 908/1467/1381
f 360/1468/1380 908/1469/1381 361/1470/1382
f 361/1470/1382 908/1469/1381 934/1471/1383
f 361/1470/1382 934/1471/1383 362/1472/1384
f 362/1472/1384 934/1471/1383 936/1473/1385
f 362/1472/1384 936/1473/1385 363/1474/1386
f 363/1474/1386 936/1473/1385 938/1475/1387
f 363/1474/1386 938/1475/1387 364/1476/1388
f 364/1476/1388 938/1475/1387 940/1477/1389
f 364/1476/1388 940/1477/1389 365/1478/1390
f 365/1478/1390 940/1477/1389 942/1479/1391
f 365/1478/1390 942/1479/1391 366/1480/1392
f 366/1480/1392 942/1479/1391 944/1481/1393
f 366/1480/1392 944/1481/1393 367/1482/1394
f 367/1482/1394 944/1481/1393 946/1483/1395
f 367/1482/1394 946/1483/1395 368/1484/1396
f 368/1484/1396 946/1483/1395 948/1485/1397
f 368/1484/1396 948/1485/1397 369/1486/1398
f 369/1486/1398 948/1485/1397 950/1487/1399
f 369/1486/1398 950/1487/1399 370/1488/1400
f 370/1488/1400 950/1487/1399 952/1489/1401
f 370/1488/1400 952/1489/1401 371/1490/1402
f 371/1490/1402 952/1489/1401 954/1491/1403
f 371/1490/1402 954/1491/1403 372/1492/1404
f 372/1492/1404 954/1491/1403 911/1493/1405
f 372/1492/1404 911/1493/1405 373/1494/1406
f 373/1494/1406 911/1493/1405 910/1495/1407
f 373/1494/1406 910/1495/1407 374/1496/1408
f 374/1496/1408 910/1495/1407 914/1497/1409
f 374/1496/1408 914/1497/1409 375/1498/1410
f 375/1498/1410 914/1497/1409 916/1499/1411
f 375/1498/1410 916/1499/1411 376/1500/1412
f 376/1500/1412 916/1499/1411 918/1501/1413
f 376/1500/1412 918/1501/1413 377/1502/1414
f 377/1502/1414 918/1501/1413 920/1503/1415
f 377/1502/1414 920/1503/1415 378/1504/1416
f 378/1504/1416 920/1503/1415 922/1505/1417
f 378/1504/1416 922/1505/1417 379/1506/1418
f 379/1506/1418 922/1505/1417 924/1507/1419
f 379/1506/1418 924/1507/1419 380/1508/1420
f 380/1508/1420 924/1507/1419 926/1509/1421
f 380/1508/1420 926/1509/1421 381/1510/1422
f 381/1510/1422 926/1509/1421 928/1511/1423
f 381/1510/1422 928/1511/1423 382/1512/1424
f 382/1512/1424 928/1511/1423 930/1513/1425
f 382/1512/1424 930/1513/1425 383/1464/1378
f 383/1464/1378 930/1513/1425 932/1465/1379
f 907/1443/1357 908/1467/1381 931/1445/1359
f 931/1445/1359 908/1467/1381 932/1465/1379
f 931/1445/1359 932/1465/1379 929/1447/1361
f 929/1447/1361 932/1465/1379 930/1513/1425
f 929/1447/1361 930/1513/1425 927/1449/1363
f 927/1449/1363 930/1513/1425 928/1511/1423
f 927/1449/1363 928/1511/1423 925/1451/1365
f 925/1451/1365 928/1511/1423 926/1509/1421
f 925/1451/1365 926/1509/1421 923/1453/1367
f 923/1453/1367 926/1509/1421 924/1507/1419
f 923/1453/1367 924/1507/1419 921/1455/1369
f 921/1455/1369 924/1507/1419 922/1505/1417
f 921/1455/1369 922/1505/1417 919/1457/1371
f 919/1457/1371 922/1505/1417 920/1503/1415
f 919/1457/1371 920/1503/1415 917/1459/1373
f 917/1459/1373 920/1503/1415 918/1501/1413
f 917/1459/1373 918/1501/1413 915/1461/1375
f 915/1461/1375 918/1501/1413 916/1499/1411
f 915/1461/1375 916/1499/1411 913/1463/1377
f 913/1463/1377 916/1499/1411 914/1497/1409
f 913/1463/1377 914/1497/1409 909/1415/1331
f 909/1415/1331 914/1497/1409 910/1495/1407
f 909/1415/1331 910/1495/1407 912/1417/1333
f 912/1417/1333 910/1495/1407 911/1493/1405
f 912/1417/1333 911/1493/1405 953/1419/1335
f 953/1419/1335 911/1493/1405 954/1491/1403
f 953/1419/1335 954/1491/1403 951/1421/1337
f 951/1421/1337 954/1491/1403 952/1489/1401
f 951/1421/1337 952/1489/1401 949/1423/1339
f 949/1423/1339 952/1489/1401 950/1487/1399
f 949/1423/1339 950/1487/1399 947/1425/1341
f 947/1425/1341 950/1487/1399 948/1485/1397
f 947/1425/1341 948/1485/1397 945/1427/1343
f 945/1427/1343 948/1485/1397 946/1483/1395
f 945/1427/1343 946/1483/1395 943/1429/1345
f 943/1429/1345 946/1483/1395 944/1481/1393
f 943/1429/1345 944/1481/1393 941/1431/1347
f 941/1431/1347 944/1481/1393 942/1479/1391
f 941/1431/1347 942/1479/1391 939/1433/1349
f 939/1433/1349 942/1479/1391 940/1477/1389
f 939/1433/1349 940/1477/1389 937/1435/1351
f 937/1435/1351 940/1477/1389 938/1475/1387
f 937/1435/1351 938/1475/1387 935/1437/1353
f 935/1437/1353 938/1475/1387 936/1473/1385
f 935/1437/1353 936/1473/1385 933/1439/1355
f 933/1439/1355 936/1473/1385 934/1471/1383
f 933/1439/1355 934/1471/1383 907/1441/1357
f 907/1441/1357 934/1471/1383 908/1469/1381
f 611/1514/1426 957/1515/1427 588/1516/1428
f 588/1516/1428 957/1515/1427 960/1517/1429
f 588/1516/1428 960/1517/1429 589/1518/1430
f 589/1518/1430 960/1517/1429 1001/1519/1431
f 589/1518/1430 1001/1519/1431 590/1520/1432
f 590/1520/1432 1001/1519/1431 999/1521/1433
f 590/1520/1432 999/1521/1433 591/1522/1434
f 591/1522/1434 999/1521/1433 997/1523/1435
f 591/1522/1434 997/1523/1435 592/1524/1436
f 592/1524/1436 997/1523/1435 995/1525/1437
f 592/1524/1436 995/1525/1437 593/1526/1438
f 593/1526/1438 995/1525/1437 993/1527/1439
f 593/1526/1438 993/1527/1439 594/1528/1440
f 594/1528/1440 993/1527/1439 991/1529/1441
f 594/1528/1440 991/1529/1441 595/1530/1442
f 595/1530/1442 991/1529/1441 989/1531/1443
f 595/1530/1442 989/1531/1443 596/1532/1444
f 596/1532/1444 989/1531/1443 987/1533/1445
f 596/1532/1444 987/1533/1445 597/1534/1446
f 597/1534/1446 987/1533/1445 985/1535/1447
f 597/1534/1446 985/1535/1447 598/1536/1448
f 598/1536/1448 985/1535/1447 983/1537/1449
f 598/1536/1448 983/1537/1449 599/1538/1450
f 599/1538/1450 983/1537/1449 981/1539/1451
f 599/1538/1450 981/1539/1451 600/1540/1452
f 600/1540/1452 981/1539/1451 955/1541/1453
f 600/1542/1452 955/1543/1453 601/1544/1454
f 601/1544/1454 955/1543/1453 979/1545/1455
f 601/1544/1454 979/1545/1455 602/1546/1456
f 602/1546/1456 979/1545/1455 977/1547/1457
f 602/1546/1456 977/1547/1457 603/1548/1458
f 603/1548/1458 977/1547/1457 975/1549/1459
f 603/1548/1458 975/1549/1459 604/1550/1460
f 604/1550/1460 975/1549/1459 973/1551/1461
f 604/1550/1460 973/1551/1461 605/1552/1462
f 605/1552/1462 973/1551/1461 971/1553/1463
f 605/1552/1462 971/1553/1463 606/1554/1464
f 606/1554/1464 971/1553/1463 969/1555/1465
f 606/1554/1464 969/1555/1465 607/1556/1466
f 607/1556/1466 969/1555/1465 967/1557/1467
f 607/1556/1466 967/1557/1467 608/1558/1468
f 608/1558/1468 967/1557/1467 965/1559/1469
f 608/1558/1468 965/1559/1469 609/1560/1470
f 609/1560/1470 965/1559/1469 963/1561/1471
f 609/1560/1470 963/1561/1471 610/1562/1472
f 610/1562/1472 963/1561/1471 961/1563/1473
f 610/1562/1472 961/1563/1473 611/1514/1426
f 611/1514/1426 961/1563/1473 957/1515/1427
f 359/1564/1474 980/1565/1475 336/1566/1476
f 336/1566/1476 980/1565/1475 956/1567/1477
f 336/1568/1476 956/1569/1477 337/1570/1478
f 337/1570/1478 956/1569/1477 982/1571/1479
f 337/1570/1478 982/1571/1479 338/1572/1480
f 338/1572/1480 982/1571/1479 984/1573/1481
f 338/1572/1480 984/1573/1481 339/1574/1482
f 339/1574/1482 984/1573/1481 986/1575/1483
f 339/1574/1482 986/1575/1483 340/1576/1484
f 340/1576/1484 986/1575/1483 988/1577/1485
f 340/1576/1484 988/1577/1485 341/1578/1486
f 341/1578/1486 988/1577/1485 990/1579/1487
f 341/1578/1486 990/1579/1487 342/1580/1488
f 342/1580/1488 990/1579/1487 992/1581/1489
f 342/1580/1488 992/1581/1489 343/1582/1490
f 343/1582/1490 992/1581/1489 994/1583/1491
f 343/1582/1490 994/1583/1491 344/1584/1492
f 344/1584/1492 994/1583/1491 996/1585/1493
f 344/1584/1492 996/1585/1493 345/1586/1494
f 345/1586/1494 996/1585/1493 998/1587/1495
f 345/1586/1494 998/1587/1495 346/1588/1496
f 346/1588/1496 998/1587/1495 1000/1589/1497
f 346/1588/1496 1000/1589/1497 347/1590/1498
f 347/1590/1498 1000/1589/1497 1002/1591/1499
f 347/1590/1498 1002/1591/1499 348/1592/1500
f 348/1592/1500 1002/1591/1499 959/1593/1501
f 348/1592/1500 959/1593/1501 349/1594/1502
f 349/1594/1502 959/1593/1501 958/1595/1503
f 349/1594/1502 958/1595/1503 350/1596/1504
f 350/1596/1504 958/1595/1503 962/1597/1505
f 350/1596/1504 962/1597/1505 351/1598/1506
f 351/1598/1506 962/1597/1505 964/1599/1507
f 351/1598/1506 964/1599/1507 352/1600/1508
f 352/1600/1508 964/1599/1507 966/1601/1509
f 352/1600/1508 966/1601/1509 353/1602/1510
f 353/1602/1510 966/1601/1509 968/1603/1511
f 353/1602/1510 968/1603/1511 354/1604/1512
f 354/1604/1512 968/1603/1511 970/1605/1513
f 354/1604/1512 970/1605/1513 355/1606/1514
f 355/1606/1514 970/1605/1513 972/1607/1515
f 355/1606/1514 972/1607/1515 356/1608/1516
f 356/1608/1516 972/1607/1515 974/1609/1517
f 356/1608/1516 974/1609/1517 357/1610/1518
f 357/1610/1518 974/1609/1517 976/1611/1519
f 357/1610/1518 976/1611/1519 358/1612/1520
f 358/1612/1520 976/1611/1519 978/1613/1521
f 358/1612/1520 978/1613/1521 359/1564/1474
f 359/1564/1474 978/1613/1521 980/1565/1475
f 955/1543/1453 956/1567/1477 979/1545/1455
f 979/1545/1455 956/1567/1477 980/1565/1475
f 979/1545/1455 980/1565/1475 977/1547/1457
f 977/1547/1457 980/1565/1475 978/1613/1521
f 977/1547/1457 978/1613/1521 975/1549/1459
f 975/1549/1459 978/1613/1521 976/1611/1519
f 975/1549/1459 976/1611/1519 973/1551/1461
f 973/1551/1461 976/1611/1519 974/1609/1517
f 973/1551/1461 974/1609/1517 971/1553/1463
f 971/1553/1463 974/1609/1517 972/1607/1515
f 971/1553/1463 972/1607/1515 969/1555/1465
f 969/1555/1465 972/1607/1515 970/1605/1513
f 969/1555/1465 970/1605/1513 967/1557/1467
f 967/1557/1467 970/1605/1513 968/1603/1511
f 967/1557/1467 968/1603/1511 965/1559/1469
f 965/1559/1469 968/1603/1511 966/1601/1509
f 965/1559/1469 966/1601/1509 963/1561/1471
f 963/1561/1471 966/1601/1509 964/1599/1507
f 963/1561/1471 964/1599/1507 961/1563/1473
f 961/1563/1473 964/1599/1507 962/1597/1505
f 961/1563/1473 962/1597/1505 957/1515/1427
f 957/1515/1427 962/1597/1505 958/1595/1503
f 957/1515/1427 958/1595/1503 960/1517/1429
f 960/1517/1429 958/1595/1503 959/1593/1501
f 960/1517/1429 959/1593/1501 1001/1519/1431
f 1001/1519/1431 959/1593/1501 1002/1591/1499
f 1001/1519/1431 1002/1591/1499 999/1521/1433
f 999/1521/1433 1002/1591/1499 1000/1589/1497
f 999/1521/1433 1000/1589/1497 997/1523/1435
f 997/1523/1435 1000/1589/1497 998/1587/1495
f 997/1523/1435 998/1587/1495 995/1525/1437
f 995/1525/1437 998/1587/1495 996/1585/1493
f 995/1525/1437 996/1585/1493 993/1527/1439
f 993/1527/1439 996/1585/1493 994/1583/1491
f 993/1527/1439 994/1583/1491 991/1529/1441
f 991/1529/1441 994/1583/1491 992/1581/1489
f 991/1529/1441 992/1581/1489 989/1531/1443
f 989/1531/1443 992/1581/1489 990/1579/1487
f 989/1531/1443 990/1579/1487 987/1533/1445
f 987/1533/1445 990/1579/1487 988/1577/1485
f 987/1533/1445 988/1577/1485 985/1535/1447
f 985/1535/1447 988/1577/1485 986/1575/1483
f 985/1535/1447 986/1575/1483 983/1537/1449
f 983/1537/1449 986/1575/1483 984/1573/1481
f 983/1537/1449 984/1573/1481 981/1539/1451
f 981/1539/1451 984/1573/1481 982/1571/1479
f 981/1539/1451 982/1571/1479 955/1541/1453
f 955/1541/1453 982/1571/1479 956/1569/1477
f 687/1614/1522 1005/1615/1523 664/1616/1524
f 664/1616/1524 1005/1615/1523 1008/1617/1525
f 664/1616/1524 1008/1617/1525 665/1618/1526
f 665/1618/1526 1008/1617/1525 1049/1619/1527
f 665/1618/1526 1049/1619/1527 666/1620/1528
f 666/1620/1528 1049/1619/1527 1047/1621/1529
f 666/1620/1528 1047/1621/1529 667/1622/1530
f 667/1622/1530 1047/1621/1529 1045/1623/1531
f 667/1622/1530 1045/1623/1531 668/1624/1532
f 668/1624/1532 1045/1623/1531 1043/1625/1533
f 668/1624/1532 1043/1625/1533 669/1626/1534
f 669/1626/1534 1043/1625/1533 1041/1627/1535
f 669/1626/1534 1041/1627/1535 670/1628/1536
f 670/1628/1536 1041/1627/1535 1039/1629/1537
f 670/1628/1536 1039/1629/1537 671/1630/1538
f 671/1630/1538 1039/1629/1537 1037/1631/1539
f 671/1630/1538 1037/1631/1539 672/1632/1540
f 672/1632/1540 1037/1631/1539 1035/1633/1541
f 672/1632/1540 1035/1633/1541 673/1634/1542
f 673/1634/1542 1035/1633/1541 1033/1635/1543
f 673/1634/1542 1033/1635/1543 674/1636/1544
f 674/1636/1544 1033/1635/1543 1031/1637/1545
f 674/1636/1544 1031/1637/1545 675/1638/1546
f 675/1638/1546 1031/1637/1545 1029/1639/1547
f 675/1638/1546 1029/1639/1547 676/1640/1548
f 676/1640/1548 1029/1639/1547 1003/1641/1549
f 676/1642/1548 1003/1643/1549 677/1644/1550
f 677/1644/1550 1003/1643/1549 1027/1645/1551
f 677/1644/1550 1027/1645/1551 678/1646/1552
f 678/1646/1552 1027/1645/1551 1025/1647/1553
f 678/1646/1552 1025/1647/1553 679/1648/1554
f 679/1648/1554 1025/1647/1553 1023/1649/1555
f 679/1648/1554 1023/1649/1555 680/1650/1556
f 680/1650/1556 1023/1649/1555 1021/1651/1557
f 680/1650/1556 1021/1651/1557 681/1652/1558
f 681/1652/1558 1021/1651/1557 1019/1653/1559
f 681/1652/1558 1019/1653/1559 682/1654/1560
f 682/1654/1560 1019/1653/1559 1017/1655/1561
f 682/1654/1560 1017/1655/1561 683/1656/1562
f 683/1656/1562 1017/1655/1561 1015/1657/1563
f 683/1656/1562 1015/1657/1563 684/1658/1564
f 684/1658/1564 1015/1657/1563 1013/1659/1565
f 684/1658/1564 1013/1659/1565 685/1660/1566
f 685/1660/1566 1013/1659/1565 1011/1661/1567
f 685/1660/1566 1011/1661/1567 686/1662/1568
f 686/1662/1568 1011/1661/1567 1009/1663/1569
f 686/1662/1568 1009/1663/1569 687/1614/1522
f 687/1614/1522 1009/1663/1569 1005/1615/1523
f 503/1664/1570 1028/1665/1571 480/1666/1572
f 480/1666/1572 1028/1665/1571 1004/1667/1573
f 480/1668/1572 1004/1669/1573 481/1670/1574
f 481/1670/1574 1004/1669/1573 1030/1671/1575
f 481/1670/1574 1030/1671/1575 482/1672/1576
f 482/1672/1576 1030/1671/1575 1032/1673/1577
f 482/1672/1576 1032/1673/1577 483/1674/1578
f 483/1674/1578 1032/1673/1577 1034/1675/1579
f 483/1674/1578 1034/1675/1579 484/1676/1580
f 484/1676/1580 1034/1675/1579 1036/1677/1581
f 484/1676/1580 1036/1677/1581 485/1678/1582
f 485/1678/1582 1036/1677/1581 1038/1679/1583
f 485/1678/1582 1038/1679/1583 486/1680/1584
f 486/1680/1584 1038/1679/1583 1040/1681/1585
f 486/1680/1584 1040/1681/1585 487/1682/1586
f 487/1682/1586 1040/1681/1585 1042/1683/1587
f 487/1682/1586 1042/1683/1587 488/1684/1588
f 488/1684/1588 1042/1683/1587 1044/1685/1589
f 488/1684/1588 1044/1685/1589 489/1686/1590
f 489/1686/1590 1044/1685/1589 1046/1687/1591
f 489/1686/1590 1046/1687/1591 490/1688/1592
f 490/1688/1592 1046/1687/1591 1048/1689/1593
f 490/1688/1592 1048/1689/1593 491/1690/1594
f 491/1690/1594 1048/1689/1593 1050/1691/1595
f 491/1690/1594 1050/1691/1595 492/1692/1596
f 492/1692/1596 1050/1691/1595 1007/1693/1597
f 492/1692/1596 1007/1693/1597 493/1694/1598
f 493/1694/1598 1007/1693/1597 1006/1695/1599
f 493/1694/1598 1006/1695/1599 494/1696/1600
f 494/1696/1600 1006/1695/1599 1010/1697/1601
f 494/1696/1600 1010/1697/1601 495/1698/1602
f 495/1698/1602 1010/1697/1601 1012/1699/1603
f 495/1698/1602 1012/1699/1603 496/1700/1604
f 496/1700/1604 1012/1699/1603 1014/1701/1605
f 496/1700/1604 1014/1701/1605 497/1702/1606
f 497/1702/1606 1014/1701/1605 1016/1703/1607
f 497/1702/1606 1016/1703/1607 498/1704/1608
f 498/1704/1608 1016/1703/1607 1018/1705/1609
f 498/1704/1608 1018/1705/1609 499/1706/1610
f 499/1706/1610 1018/1705/1609 1020/1707/1611
f 499/1706/1610 1020/1707/1611 500/1708/1612
f 500/1708/1612 1020/1707/1611 1022/1709/1613
f 500/1708/1612 1022/1709/1613 501/1710/1614
f 501/1710/1614 1022/1709/1613 1024/1711/1615
f 501/1710/1614 1024/1711/1615 502/1712/1616
f 502/1712/1616 1024/1711/1615 1026/1713/1617
f 502/1712/1616 1026/1713/1617 503/1664/1570
f 503/1664/1570 1026/1713/1617 1028/1665/1571
f 1003/1643/1549 1004/1667/1573 1027/1645/1551
f 1027/1645/1551 1004/1667/1573 1028/1665/1571
f 1027/1645/1551 1028/1665/1571 1025/1647/1553
f 1025/1647/1553 1028/1665/1571 1026/1713/1617
f 1025/1647/1553 1026/1713/1617 1023/1649/1555
f 1023/1649/1555 1026/1713/1617 1024/1711/1615
f 1023/1649/1555 1024/1711/1615 1021/1651/1557
f 1021/1651/1557 1024/1711/1615 1022/1709/1613
f 1021/1651/1557 1022/1709/1613 1019/1653/1559
f 1019/1653/1559 1022/1709/1613 1020/1707/1611
f 1019/1653/1559 1020/1707/1611 1017/1655/1561
f 1017/1655/1561 1020/1707/1611 1018/1705/1609
f 1017/1655/1561 1018/1705/1609 1015/1657/1563
f 1015/1657/1563 1018/1705/1609 1016/1703/1607
f 1015/1657/1563 1016/1703/1607 1013/1659/1565
f 1013/1659/1565 1016/1703/1607 1014/1701/1605
f 1013/1659/1565 1014/1701/1605 1011/1661/1567
f 1011/1661/1567 1014/1701/1605 1012/1699/1603
f 1011/1661/1567 1012/1699/1603 1009/1663/1569
f 1009/1663/1569 1012/1699/1603 1010/1697/1601
f 1009/1663/1569 1010/1697/1601 1005/1615/1523
f 1005/1615/1523 1010/1697/1601 1006/1695/1599
f 1005/1615/1523 1006/1695/1599 1008/1617/1525
f 1008/1617/1525 1006/1695/1599 1007/1693/1597
f 1008/1617/1525 1007/1693/1597 1049/1619/1527
f 1049/1619/1527 1007/1693/1597 1050/1691/1595
f 1049/1619/1527 1050/1691/1595 1047/1621/1529
f 1047/1621/1529 1050/1691/1595 1048/1689/1593
f 1047/1621/1529 1048/1689/1593 1045/1623/1531
f 1045/1623/1531 1048/1689/1593 1046/1687/1591
f 1045/1623/1531 1046/1687/1591 1043/1625/1533
f 1043/1625/1533 1046/1687/1591 1044/1685/1589
f 1043/1625/1533 1044/1685/1589 1041/1627/1535
f 1041/1627/1535 1044/1685/1589 1042/1683/1587
f 1041/1627/1535 1042/1683/1587 1039/1629/1537
f 1039/1629/1537 1042/1683/1587 1040/1681/1585
f 1039/1629/1537 1040/1681/1585 1037/1631/1539
f 1037/1631/1539 1040/1681/1585 1038/1679/1583
f 1037/1631/1539 1038/1679/1583 1035/1633/1541
f 1035/1633/1541 1038/1679/1583 1036/1677/1581
f 1035/1633/1541 1036/1677/1581 1033/1635/1543
f 1033/1635/1543 1036/1677/1581 1034/1675/1579
f 1033/1635/1543 1034/1675/1579 1031/1637/1545
f 1031/1637/1545 1034/1675/1579 1032/1673/1577
f 1031/1637/1545 1032/1673/1577 1029/1639/1547
f 1029/1639/1547 1032/1673/1577 1030/1671/1575
f 1029/1639/1547 1030/1671/1575 1003/1641/1549
f 1003/1641/1549 1030/1671/1575 1004/1669/1573
f 759/1714/1618 1053/1715/1619 736/1716/1620
f 736/1716/1620 1053/1715/1619 1056/1717/1621
f 736/1716/1620 1056/1717/1621 737/1718/1622
f 737/1718/1622 1056/1717/1621 1097/1719/1623
f 737/1718/1622 1097/1719/1623 738/1720/1624
f 738/1720/1624 1097/1719/1623 1095/1721/1625
f 738/1720/1624 1095/1721/1625 739/1722/1626
f 739/1722/1626 1095/1721/1625 1093/1723/1627
f 739/1722/1626 1093/1723/1627 740/1724/1628
f 740/1724/1628 1093/1723/1627 1091/1725/1629
f 740/1724/1628 1091/1725/1629 741/1726/1630
f 741/1726/1630 1091/1725/1629 1089/1727/1631
f 741/1726/1630 1089/1727/1631 742/1728/1632
f 742/1728/1632 1089/1727/1631 1087/1729/1633
f 742/1728/1632 1087/1729/1633 743/1730/1634
f 743/1730/1634 1087/1729/1633 1085/1731/1635
f 743/1730/1634 1085/1731/1635 744/1732/1636
f 744/1732/1636 1085/1731/1635 1083/1733/1637
f 744/1732/1636 1083/1733/1637 745/1734/1638
f 745/1734/1638 1083/1733/1637 1081/1735/1639
f 745/1734/1638 1081/1735/1639 746/1736/1640
f 746/1736/1640 1081/1735/1639 1079/1737/1641
f 746/1736/1640 1079/1737/1641 747/1738/1642
f 747/1738/1642 1079/1737/1641 1077/1739/1643
f 747/1738/1642 1077/1739/1643 748/1740/1644
f 748/1740/1644 1077/1739/1643 1051/1741/1645
f 748/1742/1644 1051/1743/1645 749/1744/1646
f 749/1744/1646 1051/1743/1645 1075/1745/1647
f 749/1744/1646 1075/1745/1647 750/1746/1648
f 750/1746/1648 1075/1745/1647 1073/1747/1649
f 750/1746/1648 1073/1747/1649 751/1748/1650
f 751/1748/1650 1073/1747/1649 1071/1749/1651
f 751/1748/1650 1071/1749/1651 752/1750/1652
f 752/1750/1652 1071/1749/1651 1069/1751/1653
f 752/1750/1652 1069/1751/1653 753/1752/1654
f 753/1752/1654 1069/1751/1653 1067/1753/1655
f 753/1752/1654 1067/1753/1655 754/1754/1656
f 754/1754/1656 1067/1753/1655 1065/1755/1657
f 754/1754/1656 1065/1755/1657 755/1756/1658
f 755/1756/1658 1065/1755/1657 1063/1757/1659
f 755/1756/1658 1063/1757/1659 756/1758/1660
f 756/1758/1660 1063/1757/1659 1061/1759/1661
f 756/1758/1660 1061/1759/1661 757/1760/1662
f 757/1760/1662 1061/1759/1661 1059/1761/1663
f 757/1760/1662 1059/1761/1663 758/1762/1664
f 758/1762/1664 1059/1761/1663 1057/1763/1665
f 758/1762/1664 1057/1763/1665 759/1714/1618
f 759/1714/1618 1057/1763/1665 1053/1715/1619
f 527/1764/1666 1076/1765/1667 504/1766/1668
f 504/1766/1668 1076/1765/1667 1052/1767/1669
f 504/1768/1668 1052/1769/1669 505/1770/1670
f 505/1770/1670 1052/1769/1669 1078/1771/1671
f 505/1770/1670 1078/1771/1671 506/1772/1672
f 506/1772/1672 1078/1771/1671 1080/1773/1673
f 506/1772/1672 1080/1773/1673 507/1774/1674
f 507/1774/1674 1080/1773/1673 1082/1775/1675
f 507/1774/1674 1082/1775/1675 508/1776/1676
f 508/1776/1676 1082/1775/1675 1084/1777/1677
f 508/1776/1676 1084/1777/1677 509/1778/1678
f 509/1778/1678 1084/1777/1677 1086/1779/1679
f 509/1778/1678 1086/1779/1679 510/1780/1680
f 510/1780/1680 1086/1779/1679 1088/1781/1681
f 510/1780/1680 1088/1781/1681 511/1782/1682
f 511/1782/1682 1088/1781/1681 1090/1783/1683
f 511/1782/1682 1090/1783/1683 512/1784/1684
f 512/1784/1684 1090/1783/1683 1092/1785/1685
f 512/1784/1684 1092/1785/1685 513/1786/1686
f 513/1786/1686 1092/1785/1685 1094/1787/1687
f 513/1786/1686 1094/1787/1687 514/1788/1688
f 514/1788/1688 1094/1787/1687 1096/1789/1689
f 514/1788/1688 1096/1789/1689 515/1790/1690
f 515/1790/1690 1096/1789/1689 1098/1791/1691
f 515/1790/1690 1098/1791/1691 516/1792/1692
f 516/1792/1692 1098/1791/1691 1055/1793/1693
f 516/1792/1692 1055/1793/1693 517/1794/1694
f 517/1794/1694 1055/1793/1693 1054/1795/1695
f 517/1794/1694 1054/1795/1695 518/1796/1696
f 518/1796/1696 1054/1795/1695 1058/1797/1697
f 518/1796/1696 1058/1797/1697 519/1798/1698
f 519/1798/1698 1058/1797/1697 1060/1799/1699
f 519/1798/1698 1060/1799/1699 520/1800/1700
f 520/1800/1700 1060/1799/1699 1062/1801/1701
f 520/1800/1700 1062/1801/1701 521/1802/1702
f 521/1802/1702 1062/1801/1701 1064/1803/1703
f 521/1802/1702 1064/1803/1703 522/1804/1704
f 522/1804/1704 1064/1803/1703 1066/1805/1705
f 522/1804/1704 1066/1805/1705 523/1806/1706
f 523/1806/1706 1066/1805/1705 1068/1807/1707
f 523/1806/1706 1068/1807/1707 524/1808/1708
f 524/1808/1708 1068/1807/1707 1070/1809/1709
f 524/1808/1708 1070/1809/1709 525/1810/1710
f 525/1810/1710 1070/1809/1709 1072/1811/1711
f 525/1810/1710 1072/1811/1711 526/1812/1712
f 526/1812/1712 1072/1811/1711 1074/1813/1713
f 526/1812/1712 1074/1813/1713 527/1764/1666
f 527/1764/1666 1074/1813/1713 1076/1765/1667
f 1051/1743/1645 1052/1767/1669 1075/1745/1647
f 1075/1745/1647 1052/1767/1669 1076/1765/1667
f 1075/1745/1647 1076/1765/1667 1073/1747/1649
f 1073/1747/1649 1076/1765/1667 1074/1813/1713
f 1073/1747/1649 1074/1813/1713 1071/1749/1651
f 1071/1749/1651 1074/1813/1713 1072/1811/1711
f 1071/1749/1651 1072/1811/1711 1069/1751/1653
f 1069/1751/1653 1072/1811/1711 1070/1809/1709
f 1069/1751/1653 1070/1809/1709 1067/1753/1655
f 1067/1753/1655 1070/1809/1709 1068/1807/1707
f 1067/1753/1655 1068/1807/1707 1065/1755/1657
f 1065/1755/1657 1068/1807/1707 1066/1805/1705
f 1065/1755/1657 1066/1805/1705 1063/1757/1659
f 1063/1757/1659 1066/1805/1705 1064/1803/1703
f 1063/1757/1659 1064/1803/1703 1061/1759/1661
f 1061/1759/1661 1064/1803/1703 1062/1801/1701
f 1061/1759/1661 1062/1801/1701 1059/1761/1663
f 1059/1761/1663 1062/1801/1701 1060/1799/1699
f 1059/1761/1663 1060/1799/1699 1057/1763/1665
f 1057/1763/1665 1060/1799/1699 1058/1797/1697
f 1057/1763/1665 1058/1797/1697 1053/1715/1619
f 1053/1715/1619 1058/1797/1697 1054/1795/1695
f 1053/1715/1619 1054/1795/1695 1056/1717/1621
f 1056/1717/1621 1054/1795/1695 1055/1793/1693
f 1056/1717/1621 1055/1793/1693 1097/1719/1623
f 1097/1719/1623 1055/1793/1693 1098/1791/1691
f 1097/1719/1623 1098/1791/1691 1095/1721/1625
f 1095/1721/1625 1098/1791/1691 1096/1789/1689
f 1095/1721/1625 1096/1789/1689 1093/1723/1627
f 1093/1723/1627 1096/1789/1689 1094/1787/1687
f 1093/1723/1627 1094/1787/1687 1091/1725/1629
f 1091/1725/1629 1094/1787/1687 1092/1785/1685
f 1091/1725/1629 1092/1785/1685 1089/1727/1631
f 1089/1727/1631 1092/1785/1685 1090/1783/1683
f 1089/1727/1631 1090/1783/1683 1087/1729/1633
f 1087/1729/1633 1090/1783/1683 1088/1781/1681
f 1087/1729/1633 1088/1781/1681 1085/1731/1635
f 1085/1731/1635 1088/1781/1681 1086/1779/1679
f 1085/1731/1635 1086/1779/1679 1083/1733/1637
f 1083/1733/1637 1086/1779/1679 1084/1777/1677
f 1083/1733/1637 1084/1777/1677 1081/1735/1639
f 1081/1735/1639 1084/1777/1677 1082/1775/1675
f 1081/1735/1639 1082/1775/1675 1079/1737/1641
f 1079/1737/1641 1082/1775/1675 1080/1773/1673
f 1079/1737/1641 1080/1773/1673 1077/1739/1643
f 1077/1739/1643 1080/1773/1673 1078/1771/1671
f 1077/1739/1643 1078/1771/1671 1051/1741/1645
f 1051/1741/1645 1078/1771/1671 1052/1769/1669
f 587/1814/1714 1101/1815/1715 564/1816/1716
f 564/1816/1716 1101/1815/1715 1104/1817/1717
f 564/1816/1716 1104/1817/1717 565/1818/1718
f 565/1818/1718 1104/1817/1717 1145/1819/1719
f 565/1818/1718 1145/1819/1719 566/1820/1720
f 566/1820/1720 1145/1819/1719 1143/1821/1721
f 566/1820/1720 1143/1821/1721 567/1822/1722
f 567/1822/1722 1143/1821/1721 1141/1823/1723
f 567/1822/1722 1141/1823/1723 568/1824/1724
f 568/1824/1724 1141/1823/1723 1139/1825/1725
f 568/1824/1724 1139/1825/1725 569/1826/1726
f 569/1826/1726 1139/1825/1725 1137/1827/1727
f 569/1826/1726 1137/1827/1727 570/1828/1728
f 570/1828/1728 1137/1827/1727 1135/1829/1729
f 570/1828/1728 1135/1829/1729 571/1830/1730
f 571/1830/1730 1135/1829/1729 1133/1831/1731
f 571/1830/1730 1133/1831/1731 572/1832/1732
f 572/1832/1732 1133/1831/1731 1131/1833/1733
f 572/1832/1732 1131/1833/1733 573/1834/1734
f 573/1834/1734 1131/1833/1733 1129/1835/1735
f 573/1834/1734 1129/1835/1735 574/1836/1736
f 574/1836/1736 1129/1835/1735 1127/1837/1737
f 574/1836/1736 1127/1837/1737 575/1838/1738
f 575/1838/1738 1127/1837/1737 1125/1839/1739
f 575/1838/1738 1125/1839/1739 576/1840/1740
f 576/1840/1740 1125/1839/1739 1099/1841/1741
f 576/1842/1740 1099/1843/1741 577/1844/1742
f 577/1844/1742 1099/1843/1741 1123/1845/1743
f 577/1844/1742 1123/1845/1743 578/1846/1744
f 578/1846/1744 1123/1845/1743 1121/1847/1745
f 578/1846/1744 1121/1847/1745 579/1848/1746
f 579/1848/1746 1121/1847/1745 1119/1849/1747
f 579/1848/1746 1119/1849/1747 580/1850/1748
f 580/1850/1748 1119/1849/1747 1117/1851/1749
f 580/1850/1748 1117/1851/1749 581/1852/1750
f 581/1852/1750 1117/1851/1749 1115/1853/1751
f 581/1852/1750 1115/1853/1751 582/1854/1752
f 582/1854/1752 1115/1853/1751 1113/1855/1753
f 582/1854/1752 1113/1855/1753 583/1856/1754
f 583/1856/1754 1113/1855/1753 1111/1857/1755
f 583/1856/1754 1111/1857/1755 584/1858/1756
f 584/1858/1756 1111/1857/1755 1109/1859/1757
f 584/1858/1756 1109/1859/1757 585/1860/1758
f 585/1860/1758 1109/1859/1757 1107/1861/1759
f 585/1860/1758 1107/1861/1759 586/1862/1760
f 586/1862/1760 1107/1861/1759 1105/1863/1761
f 586/1862/1760 1105/1863/1761 587/1814/1714
f 587/1814/1714 1105/1863/1761 1101/1815/1715
f 455/1864/1762 1124/1865/1763 432/1866/1764
f 432/1866/1764 1124/1865/1763 1100/1867/1765
f 432/1868/1764 1100/1869/1765 433/1870/1766
f 433/1870/1766 1100/1869/1765 1126/1871/1767
f 433/1870/1766 1126/1871/1767 434/1872/1768
f 434/1872/1768 1126/1871/1767 1128/1873/1769
f 434/1872/1768 1128/1873/1769 435/1874/1770
f 435/1874/1770 1128/1873/1769 1130/1875/1771
f 435/1874/1770 1130/1875/1771 436/1876/1772
f 436/1876/1772 1130/1875/1771 1132/1877/1773
f 436/1876/1772 1132/1877/1773 437/1878/1774
f 437/1878/1774 1132/1877/1773 1134/1879/1775
f 437/1878/1774 1134/1879/1775 438/1880/1776
f 438/1880/1776 1134/1879/1775 1136/1881/1777
f 438/1880/1776 1136/1881/1777 439/1882/1778
f 439/1882/1778 1136/1881/1777 1138/1883/1779
f 439/1882/1778 1138/1883/1779 440/1884/1780
f 440/1884/1780 1138/1883/1779 1140/1885/1781
f 440/1884/1780 1140/1885/1781 441/1886/1782
f 441/1886/1782 1140/1885/1781 1142/1887/1783
f 441/1886/1782 1142/1887/1783 442/1888/1784
f 442/1888/1784 1142/1887/1783 1144/1889/1785
f 442/1888/1784 1144/1889/1785 443/1890/1786
f 443/1890/1786 1144/1889/1785 1146/1891/1787
f 443/1890/1786 1146/1891/1787 444/1892/1788
f 444/1892/1788 1146/1891/1787 1103/1893/1789
f 444/1892/1788 1103/1893/1789 445/1894/1790
f 445/1894/1790 1103/1893/1789 1102/1895/1791
f 445/1894/1790 1102/1895/1791 446/1896/1792
f 446/1896/1792 1102/1895/1791 1106/1897/1793
f 446/1896/1792 1106/1897/1793 447/1898/1794
f 447/1898/1794 1106/1897/1793 1108/1899/1795
f 447/1898/1794 1108/1899/1795 448/1900/1796
f 448/1900/1796 1108/1899/1795 1110/1901/1797
f 448/1900/1796 1110/1901/1797 449/1902/1798
f 449/1902/1798 1110/1901/1797 1112/1903/1799
f 449/1902/1798 1112/1903/1799 450/1904/1800
f 450/1904/1800 1112/1903/1799 1114/1905/1801
f 450/1904/1800 1114/1905/1801 451/1906/1802
f 451/1906/1802 1114/1905/1801 1116/1907/1803
f 451/1906/1802 1116/1907/1803 452/1908/1804
f 452/1908/1804 1116/1907/1803 1118/1909/1805
f 452/1908/1804 1118/1909/1805 453/1910/1806
f 453/1910/1806 1118/1909/1805 1120/1911/1807
f 453/1910/1806 1120/1911/1807 454/1912/1808
f 454/1912/1808 1120/1911/1807 1122/1913/1809
f 454/1912/1808 1122/1913/1809 455/1864/1762
f 455/1864/1762 1122/1913/1809 1124/1865/1763
f 1099/1843/1741 1100/1867/1765 1123/1845/1743
f 1123/1845/1743 1100/1867/1765 1124/1865/1763
f 1123/1845/1743 1124/1865/1763 1121/1847/1745
f 1121/1847/1745 1124/1865/1763 1122/1913/1809
f 1121/1847/1745 1122/1913/1809 1119/1849/1747
f 1119/1849/1747 1122/1913/1809 1120/1911/1807
f 1119/1849/1747 1120/1911/1807 1117/1851/1749
f 1117/1851/1749 1120/1911/1807 1118/1909/1805
f 1117/1851/1749 1118/1909/1805 1115/1853/1751
f 1115/1853/1751 1118/1909/1805 1116/1907/1803
f 1115/1853/1751 1116/1907/1803 1113/1855/1753
f 1113/1855/1753 1116/1907/1803 1114/1905/1801
f 1113/1855/1753 1114/1905/1801 1111/1857/1755
f 1111/1857/1755 1114/1905/1801 1112/1903/1799
f 1111/1857/1755 1112/1903/1799 1109/1859/1757
f 1109/1859/1757 1112/1903/1799 1110/1901/1797
f 1109/1859/1757 1110/1901/1797 1107/1861/1759
f 1107/1861/1759 1110/1901/1797 1108/1899/1795
f 1107/1861/1759 1108/1899/1795 1105/1863/1761
f 1105/1863/1761 1108/1899/1795 1106/1897/1793
f 1105/1863/1761 1106/1897/1793 1101/1815/1715
f 1101/1815/1715 1106/1897/1793 1102/1895/1791
f 1101/1815/1715 1102/1895/1791 1104/1817/1717
f 1104/1817/1717 1102/1895/1791 1103/1893/1789
f 1104/1817/1717 1103/1893/1789 1145/1819/1719
f 1145/1819/1719 1103/1893/1789 1146/1891/1787
f 1145/1819/1719 1146/1891/1787 1143/1821/1721
f 1143/1821/1721 1146/1891/1787 1144/1889/1785
f 1143/1821/1721 1144/1889/1785 1141/1823/1723
f 1141/1823/1723 1144/1889/1785 1142/1887/1783
f 1141/1823/1723 1142/1887/1783 1139/1825/1725
f 1139/1825/1725 1142/1887/1783 1140/1885/1781
f 1139/1825/1725 1140/1885/1781 1137/1827/1727
f 1137/1827/1727 1140/1885/1781 1138/1883/1779
f 1137/1827/1727 1138/1883/1779 1135/1829/1729
f 1135/1829/1729 1138/1883/1779 1136/1881/1777
f 1135/1829/1729 1136/1881/1777 1133/1831/1731
f 1133/1831/1731 1136/1881/1777 1134/1879/1775
f 1133/1831/1731 1134/1879/1775 1131/1833/1733
f 1131/1833/1733 1134/1879/1775 1132/1877/1773
f 1131/1833/1733 1132/1877/1773 1129/1835/1735
f 1129/1835/1735 1132/1877/1773 1130/1875/1771
f 1129/1835/1735 1130/1875/1771 1127/1837/1737
f 1127/1837/1737 1130/1875/1771 1128/1873/1769
f 1127/1837/1737 1128/1873/1769 1125/1839/1739
f 1125/1839/1739 1128/1873/1769 1126/1871/1767
f 1125/1839/1739 1126/1871/1767 1099/1841/1741
f 1099/1841/1741 1126/1871/1767 1100/1869/1765
f 39/1914/1810 1147/1915/1811 37/1916/1812
f 37/1916/1812 1147/1915/1811 27/1917/1813
f 37/1916/1812 27/1917/1813 35/1918/1814
f 35/1918/1814 27/1917/1813 26/1919/1815
f 35/1918/1814 26/1919/1815 613/1920/1816
f 39/1914/1810 36/1921/1817 1147/1915/1811
f 1147/1915/1811 36/1921/1817 138/1922/1818
f 138/1922/1818 36/1921/1817 613/1920/1816
f 138/1922/1818 613/1920/1816 139/1923/1819
f 36/1921/1817 35/1918/1814 613/1920/1816
f 1147/1924/1820 322/1925/1821 27/1926/1822
f 27/1926/1822 322/1925/1821 28/1927/1823
f 137/1928/1824 322/1929/1825 138/1930/1826
f 138/1930/1826 322/1929/1825 1147/1931/1827
# 1147 vertices
# 1931 texture params
# 1827 normals
# 2294 facets

# 1 groups
